Name: CCTV-4, URL: https://global.cgtn.cicc.media.caton.cloud/master/cgtn-america.m3u8, IPv_Type: ipv4, Location: 英国, ISP: , Date: None, Delay: 7387 ms, Speed: 0.33 M/s, Resolution: 1920x1080
Name: CCTV-4, URL: https://global.cgtn.cicc.media.caton.cloud/master/cgtn-america.m3u8, IPv_Type: ipv4, Location: 英国, ISP: , Date: None, Delay: 7387 ms, Speed: 0.33 M/s, Resolution: 1920x1080
Name: CCTV-4, URL: http://39.152.103.17:8089/tsfile/live/1003_1.m3u8, IPv_Type: ipv4, Location: 中国-辽宁-阜新, ISP: 移动, Date: None, Delay: 12401 ms, Speed: 0.09 M/s, Resolution: None
Name: CCTV-4, URL: http://39.152.103.17:8089/tsfile/live/1003_1.m3u8, IPv_Type: ipv4, Location: 中国-辽宁-阜新, ISP: 移动, Date: None, Delay: 12401 ms, Speed: 0.09 M/s, Resolution: None
Name: CCTV-5, URL: http://39.152.103.17:8089/tsfile/live/1004_1.m3u8, IPv_Type: ipv4, Location: 中国-辽宁-阜新, ISP: 移动, Date: None, Delay: 12401 ms, Speed: 0.09 M/s, Resolution: None
Name: CCTV-6, URL: http://27.41.245.32:801/hls/6/index.m3u8, IPv_Type: ipv4, Location: 中国-广东-汕头, ISP: 联通, Date: None, Delay: 12308 ms, Speed: 0.12 M/s, Resolution: None
Name: CCTV-6, URL: http://27.41.245.32:801/hls/6/index.m3u8, IPv_Type: ipv4, Location: 中国-广东-汕头, ISP: 联通, Date: None, Delay: 12308 ms, Speed: 0.12 M/s, Resolution: None
Name: CCTV-6, URL: http://39.152.103.17:8089/tsfile/live/1005_1.m3u8, IPv_Type: ipv4, Location: 中国-辽宁-阜新, ISP: 移动, Date: None, Delay: 12401 ms, Speed: 0.09 M/s, Resolution: None
Name: CCTV-7, URL: http://27.41.245.32:801/hls/7/index.m3u8, IPv_Type: ipv4, Location: 中国-广东-汕头, ISP: 联通, Date: None, Delay: 12308 ms, Speed: 0.12 M/s, Resolution: None
Name: CCTV-7, URL: http://39.152.103.17:8089/tsfile/live/1006_1.m3u8, IPv_Type: ipv4, Location: 中国-辽宁-阜新, ISP: 移动, Date: None, Delay: 12401 ms, Speed: 0.09 M/s, Resolution: None
Name: CCTV-8, URL: http://27.41.245.32:801/hls/8/index.m3u8, IPv_Type: ipv4, Location: 中国-广东-汕头, ISP: 联通, Date: None, Delay: 12308 ms, Speed: 0.12 M/s, Resolution: None
Name: CCTV-8, URL: http://39.152.103.17:8089/tsfile/live/1007_1.m3u8, IPv_Type: ipv4, Location: 中国-辽宁-阜新, ISP: 移动, Date: None, Delay: 12401 ms, Speed: 0.09 M/s, Resolution: None
Name: CCTV-9, URL: http://27.41.245.32:801/hls/9/index.m3u8, IPv_Type: ipv4, Location: 中国-广东-汕头, ISP: 联通, Date: None, Delay: 12308 ms, Speed: 0.12 M/s, Resolution: None
Name: CCTV-9, URL: http://39.152.103.17:8089/tsfile/live/1008_1.m3u8, IPv_Type: ipv4, Location: 中国-辽宁-阜新, ISP: 移动, Date: None, Delay: 12401 ms, Speed: 0.09 M/s, Resolution: None
Name: CCTV-11, URL: http://39.152.103.17:8089/tsfile/live/1010_1.m3u8, IPv_Type: ipv4, Location: 中国-辽宁-阜新, ISP: 移动, Date: None, Delay: 12401 ms, Speed: 0.09 M/s, Resolution: None
Name: CCTV-12, URL: http://39.152.103.17:8089/tsfile/live/1011_1.m3u8, IPv_Type: ipv4, Location: 中国-辽宁-阜新, ISP: 移动, Date: None, Delay: 12401 ms, Speed: 0.09 M/s, Resolution: None
Name: CCTV-13, URL: https://ldncctvwbcdcnc.v.wscdns.com/ldncctvwbcd/cdrmldcctv13_1/index.m3u8, IPv_Type: ipv6, Location: 中国, ISP: 中国电信, Date: None, Delay: 2226 ms, Speed: 0.26 M/s, Resolution: 1920x1080
Name: CCTV-13, URL: https://ldncctvwbcdcnc.v.wscdns.com/ldncctvwbcd/cdrmldcctv13_1/index.m3u8, IPv_Type: ipv6, Location: 中国, ISP: 中国电信, Date: None, Delay: 2226 ms, Speed: 0.26 M/s, Resolution: 1920x1080
Name: CCTV-14, URL: https://event.pull.hebtv.com/jishi/cp2.m3u8, IPv_Type: ipv6, Location: 中国, ISP: 中国电信, Date: None, Delay: 3365 ms, Speed: 1.12 M/s, Resolution: 1920x1080
Name: CCTV-14, URL: https://event.pull.hebtv.com/jishi/cp2.m3u8, IPv_Type: ipv6, Location: 中国, ISP: 中国电信, Date: None, Delay: 3365 ms, Speed: 1.12 M/s, Resolution: 1920x1080
Name: CCTV-14, URL: http://27.41.245.32:801/hls/14/index.m3u8, IPv_Type: ipv4, Location: 中国-广东-汕头, ISP: 联通, Date: None, Delay: 12308 ms, Speed: 0.12 M/s, Resolution: None
Name: CCTV-14, URL: http://39.152.103.17:8089/tsfile/live/1013_1.m3u8, IPv_Type: ipv4, Location: 中国-辽宁-阜新, ISP: 移动, Date: None, Delay: 12401 ms, Speed: 0.09 M/s, Resolution: None
Name: CCTV-15, URL: http://39.152.103.17:8089/tsfile/live/1014_1.m3u8, IPv_Type: ipv4, Location: 中国-辽宁-阜新, ISP: 移动, Date: None, Delay: 12401 ms, Speed: 0.09 M/s, Resolution: None
Name: 广东卫视, URL: http://satellitepull.cnr.cn/live/wxgdws/playlist.m3u8, IPv_Type: ipv4, Location: 美国-德克萨斯州-达拉斯, ISP: 网宿科技CDN节点, Date: None, Delay: 6 ms, Speed: 16.96 M/s, Resolution: None
Name: 广东卫视, URL: http://satellitepull.cnr.cn/live/wxgdws/playlist.m3u8, IPv_Type: ipv4, Location: 美国-德克萨斯州-达拉斯, ISP: 网宿科技CDN节点, Date: None, Delay: 6 ms, Speed: 16.96 M/s, Resolution: None
Name: 广东卫视, URL: http://39.152.103.17:8089/tsfile/live/1042_1.m3u8, IPv_Type: ipv4, Location: 中国-辽宁-阜新, ISP: 移动, Date: None, Delay: 12401 ms, Speed: 0.09 M/s, Resolution: None
Name: 浙江卫视, URL: http://ali-m-l.cztv.com/channels/lantian/channel01/1080p.m3u8, IPv_Type: ipv6, Location: 中国-广西-防城港, ISP: 电信, Date: None, Delay: 1421 ms, Speed: 0.49 M/s, Resolution: 1920x1080
Name: 浙江卫视, URL: http://ali-m-l.cztv.com/channels/lantian/channel01/1080p.m3u8, IPv_Type: ipv6, Location: 中国-广西-防城港, ISP: 电信, Date: None, Delay: 1421 ms, Speed: 0.49 M/s, Resolution: 1920x1080
Name: 浙江卫视, URL: http://ali-vl.cztv.com/channels/lantian/channel001/360p.m3u8, IPv_Type: ipv6, Location: 中国, ISP: 中国电信, Date: None, Delay: 1820 ms, Speed: 0.38 M/s, Resolution: 1920x1080
Name: 浙江卫视, URL: http://ali-vl.cztv.com/channels/lantian/channel001/360p.m3u8, IPv_Type: ipv6, Location: 中国, ISP: 中国电信, Date: None, Delay: 1820 ms, Speed: 0.38 M/s, Resolution: 1920x1080
Name: 浙江卫视, URL: http://ali-vl.cztv.com/channels/lantian/channel001/360p.m3u8?a=1000&amp;d=d396e340de48108a9576134d5b090354&amp;k=60ede3db45d8640ab1db2b9f0dfa7549&amp;t=1671539989, IPv_Type: ipv4, Location: 中国-上海-上海, ISP: 电信, Date: None, Delay: 1820 ms, Speed: 0.38 M/s, Resolution: 1920x1080
Name: 湖南卫视, URL: https://txmov2.a.kwimgs.com/bs3/video-hls/5199687338554291078_hlsb.m3u8, IPv_Type: ipv4, Location: 美国-加利福尼亚州-圣克拉拉, ISP: 腾讯云, Date: None, Delay: 47 ms, Speed: 55.78 M/s, Resolution: 1280x720
Name: 湖南卫视, URL: https://txmov2.a.kwimgs.com/bs3/video-hls/5199687338554291078_hlsb.m3u8, IPv_Type: ipv4, Location: 美国-加利福尼亚州-圣克拉拉, ISP: 腾讯云, Date: None, Delay: 47 ms, Speed: 55.78 M/s, Resolution: 1280x720
Name: 湖南卫视, URL: http://satellitepull.cnr.cn/live/wx32hunws/playlist.m3u8, IPv_Type: ipv4, Location: 美国-伊利诺伊州-库克, ISP: 网宿CDN节点, Date: None, Delay: 6 ms, Speed: 16.96 M/s, Resolution: None
Name: 湖南卫视, URL: http://btjg.net:809/hls/47/index.m3u8, IPv_Type: ipv4, Location: 中国-内蒙古-包头, ISP: 电信, Date: None, Delay: 12801 ms, Speed: 0.08 M/s, Resolution: 1920x1080
Name: 湖南卫视, URL: http://btjg.net:809/hls/47/index.m3u8, IPv_Type: ipv4, Location: 中国-内蒙古-包头, ISP: 电信, Date: None, Delay: 12801 ms, Speed: 0.08 M/s, Resolution: 1920x1080
Name: 北京卫视, URL: http://satellitepull.cnr.cn/live/wxbtv/playlist.m3u8, IPv_Type: ipv4, Location: 美国-德克萨斯州-达拉斯, ISP: 网宿科技CDN节点, Date: None, Delay: 6 ms, Speed: 16.96 M/s, Resolution: None
Name: 北京卫视, URL: http://39.152.103.17:8089/tsfile/live/1034_1.m3u8, IPv_Type: ipv4, Location: 中国-辽宁-阜新, ISP: 移动, Date: None, Delay: 12401 ms, Speed: 0.09 M/s, Resolution: None
Name: 湖北卫视, URL: http://satellitepull.cnr.cn/live/wx32hubws/playlist.m3u8, IPv_Type: ipv4, Location: 美国-德克萨斯州-达拉斯, ISP: 网宿科技CDN节点, Date: None, Delay: 6 ms, Speed: 16.96 M/s, Resolution: None
Name: 黑龙江卫视, URL: http://satellitepull.cnr.cn/live/wx32hljws/playlist.m3u8, IPv_Type: ipv4, Location: 美国-德克萨斯州-达拉斯, ISP: 网宿科技CDN节点, Date: None, Delay: 6 ms, Speed: 16.96 M/s, Resolution: None
Name: 黑龙江卫视, URL: http://39.152.103.17:8089/tsfile/live/1055_1.m3u8, IPv_Type: ipv4, Location: 中国-辽宁-阜新, ISP: 移动, Date: None, Delay: 12401 ms, Speed: 0.09 M/s, Resolution: None
Name: 黑龙江卫视, URL: http://btjg.net:809/hls/39/index.m3u8, IPv_Type: ipv4, Location: 中国-内蒙古-包头, ISP: 电信, Date: None, Delay: 12801 ms, Speed: 0.08 M/s, Resolution: 1920x1080
Name: 重庆卫视, URL: http://satellitepull.cnr.cn/live/wxcqws/playlist.m3u8, IPv_Type: ipv4, Location: 美国-德克萨斯州-达拉斯, ISP: 网宿科技CDN节点, Date: None, Delay: 6 ms, Speed: 16.96 M/s, Resolution: None
Name: 重庆卫视, URL: http://39.152.103.17:8089/tsfile/live/1048_1.m3u8, IPv_Type: ipv4, Location: 中国-辽宁-阜新, ISP: 移动, Date: None, Delay: 12401 ms, Speed: 0.09 M/s, Resolution: None
Name: 东方卫视, URL: https://txmov2.a.kwimgs.com/bs3/video-hls/5219953535631090825_hlsb.m3u8, IPv_Type: ipv4, Location: 美国-加利福尼亚州-圣克拉拉, ISP: 腾讯云, Date: None, Delay: 47 ms, Speed: 55.78 M/s, Resolution: 1280x720
Name: 东方卫视, URL: http://bp-resource-dfl.bestv.cn/155/3/video.m3u8, IPv_Type: ipv4, Location: 美国, ISP: 阿里云, Date: None, Delay: 101 ms, Speed: 16.87 M/s, Resolution: 1920x1080
Name: 东方卫视, URL: http://bp-resource-dfl.bestv.cn/155/3/video.m3u8, IPv_Type: ipv4, Location: 美国, ISP: 阿里云, Date: None, Delay: 101 ms, Speed: 16.87 M/s, Resolution: 1920x1080
Name: 东方卫视, URL: https://epg.pw/stream/6aec3ea636542c53729b5c9dd290864ab04d4a69d2b9cb7864a9898779915898.m3u8, IPv_Type: ipv6, Location: 美国, ISP: CloudFlare Inc., Date: None, Delay: 874 ms, Speed: 0.73 M/s, Resolution: 1920x1080
Name: 东方卫视, URL: https://epg.pw/stream/6aec3ea636542c53729b5c9dd290864ab04d4a69d2b9cb7864a9898779915898.m3u8, IPv_Type: ipv6, Location: 美国, ISP: CloudFlare Inc., Date: None, Delay: 874 ms, Speed: 0.73 M/s, Resolution: 1920x1080
Name: 东方卫视, URL: http://39.152.103.17:8089/tsfile/live/1036_1.m3u8, IPv_Type: ipv4, Location: 中国-辽宁-阜新, ISP: 移动, Date: None, Delay: 12401 ms, Speed: 0.09 M/s, Resolution: None
Name: 东南卫视, URL: http://satellitepull.cnr.cn/live/wx32fjws/playlist.m3u8, IPv_Type: ipv4, Location: 美国-德克萨斯州-达拉斯, ISP: 网宿科技CDN节点, Date: None, Delay: 6 ms, Speed: 16.96 M/s, Resolution: None
Name: 甘肃卫视, URL: http://satellitepull.cnr.cn/live/wxgsws/playlist.m3u8, IPv_Type: ipv4, Location: 美国-德克萨斯州-达拉斯, ISP: 网宿科技CDN节点, Date: None, Delay: 6 ms, Speed: 16.96 M/s, Resolution: None
Name: 广西卫视, URL: rtmp://live.gxrb.com.cn/hls/a23, IPv_Type: ipv4, Location: 中国-广西-南宁, ISP: 电信, Date: None, Delay: -1 ms, Speed: inf M/s, Resolution: 1280x720
Name: 广西卫视, URL: https://hlscdn.liangtv.cn/live/de0f97348eb84f62aa6b7d8cf0430770/dd505d87880c478f901f38560ca4d4e6.m3u8, IPv_Type: ipv6, Location: 中国-江苏-扬州, ISP: 电信, Date: None, Delay: 676 ms, Speed: 2.42 M/s, Resolution: 1920x1080
Name: 广西卫视, URL: https://hlscdn.liangtv.cn/live/de0f97348eb84f62aa6b7d8cf0430770/dd505d87880c478f901f38560ca4d4e6.m3u8, IPv_Type: ipv6, Location: 中国-江苏-扬州, ISP: 电信, Date: None, Delay: 676 ms, Speed: 2.42 M/s, Resolution: 1920x1080
Name: 广西卫视, URL: https://hlscdn.liangtv.cn/live/0c4ef3a44b934cacb8b47121dfada66c/d7e04258157b480dae53883cc6f8123b.m3u8, IPv_Type: ipv6, Location: 中国-江苏-扬州, ISP: 电信, Date: None, Delay: 676 ms, Speed: 2.42 M/s, Resolution: 1920x1080
Name: 广西卫视, URL: http://39.152.103.17:8089/tsfile/live/1077_1.m3u8, IPv_Type: ipv4, Location: 中国-辽宁-阜新, ISP: 移动, Date: None, Delay: 12401 ms, Speed: 0.09 M/s, Resolution: None
Name: 广西卫视, URL: http://btjg.net:809/hls/40/index.m3u8, IPv_Type: ipv4, Location: 中国-内蒙古-包头, ISP: 电信, Date: None, Delay: 12801 ms, Speed: 0.08 M/s, Resolution: 1920x1080
Name: 海南卫视, URL: http://satellitepull.cnr.cn/live/wxhainlyws/playlist.m3u8, IPv_Type: ipv4, Location: 美国-德克萨斯州-达拉斯, ISP: 网宿科技CDN节点, Date: None, Delay: 6 ms, Speed: 16.96 M/s, Resolution: None
Name: 海南卫视, URL: http://39.152.103.17:8089/tsfile/live/1046_1.m3u8, IPv_Type: ipv4, Location: 中国-辽宁-阜新, ISP: 移动, Date: None, Delay: 12401 ms, Speed: 0.09 M/s, Resolution: None
Name: 河北卫视, URL: http://satellitepull.cnr.cn/live/wxhebws/playlist.m3u8, IPv_Type: ipv4, Location: 美国-德克萨斯州-达拉斯, ISP: 网宿科技CDN节点, Date: None, Delay: 6 ms, Speed: 16.96 M/s, Resolution: None
Name: 河南卫视, URL: http://1.94.31.214/php/hntv.php?id=hnws, IPv_Type: ipv4, Location: 中国-上海-上海, ISP: 华为云, Date: None, Delay: 18 ms, Speed: 54.69 M/s, Resolution: 1920x1080
Name: 河南卫视, URL: http://1.94.31.214/php/hntv.php?id=hnws, IPv_Type: ipv4, Location: 中国-上海-上海, ISP: 华为云, Date: None, Delay: 18 ms, Speed: 54.69 M/s, Resolution: 1920x1080
Name: 河南卫视, URL: http://satellitepull.cnr.cn/live/wxhnws/playlist.m3u8, IPv_Type: ipv4, Location: 美国-德克萨斯州-达拉斯, ISP: 网宿科技CDN节点, Date: None, Delay: 6 ms, Speed: 16.96 M/s, Resolution: None
Name: 吉林卫视, URL: http://satellitepull.cnr.cn/live/wxjlws/playlist.m3u8, IPv_Type: ipv4, Location: 美国-德克萨斯州-达拉斯, ISP: 网宿科技CDN节点, Date: None, Delay: 6 ms, Speed: 16.96 M/s, Resolution: None
Name: 江苏卫视, URL: https://txmov2.a.kwimgs.com/upic/2023/02/07/12/BMjAyMzAyMDcxMjQ3NDlfNzM5MzQzNzIyXzk1NjcxMTk5ODM5XzBfMw==_b_Bb92095c7df3c98b458dd14abf1d4b575.mp4, IPv_Type: ipv4, Location: 美国-加利福尼亚州-圣克拉拉, ISP: 腾讯云, Date: None, Delay: 47 ms, Speed: 55.78 M/s, Resolution: 1280x720
Name: 江西卫视, URL: http://satellitepull.cnr.cn/live/wx32jiangxws/playlist.m3u8, IPv_Type: ipv4, Location: 美国-德克萨斯州-达拉斯, ISP: 网宿科技CDN节点, Date: None, Delay: 6 ms, Speed: 16.96 M/s, Resolution: None
Name: 内蒙古卫视, URL: http://satellitepull.cnr.cn/live/wx32nmgws/playlist.m3u8, IPv_Type: ipv4, Location: 美国-德克萨斯州-达拉斯, ISP: 网宿科技CDN节点, Date: None, Delay: 6 ms, Speed: 16.96 M/s, Resolution: None
Name: 青海卫视, URL: http://satellitepull.cnr.cn/live/wx32qhws/playlist.m3u8, IPv_Type: ipv4, Location: 美国-德克萨斯州-达拉斯, ISP: 网宿科技CDN节点, Date: None, Delay: 6 ms, Speed: 16.96 M/s, Resolution: None
Name: 山东卫视, URL: http://satellitepull.cnr.cn/live/wxsdws/playlist.m3u8, IPv_Type: ipv4, Location: 美国-德克萨斯州-达拉斯, ISP: 网宿科技CDN节点, Date: None, Delay: 6 ms, Speed: 16.96 M/s, Resolution: None
Name: 山西卫视, URL: http://satellitepull.cnr.cn/live/wxssxws/playlist.m3u8, IPv_Type: ipv4, Location: 美国-德克萨斯州-达拉斯, ISP: 网宿科技CDN节点, Date: None, Delay: 6 ms, Speed: 16.96 M/s, Resolution: None
Name: 陕西卫视, URL: http://satellitepull.cnr.cn/live/wxsxxws/playlist.m3u8, IPv_Type: ipv4, Location: 美国-德克萨斯州-达拉斯, ISP: 网宿科技CDN节点, Date: None, Delay: 6 ms, Speed: 16.96 M/s, Resolution: None
Name: 四川卫视, URL: http://satellitepull.cnr.cn/live/wxscws/playlist.m3u8, IPv_Type: ipv4, Location: 美国-德克萨斯州-达拉斯, ISP: 网宿科技CDN节点, Date: None, Delay: 6 ms, Speed: 16.96 M/s, Resolution: None
Name: 四川卫视, URL: http://39.152.103.17:8089/tsfile/live/1044_1.m3u8, IPv_Type: ipv4, Location: 中国-辽宁-阜新, ISP: 移动, Date: None, Delay: 12401 ms, Speed: 0.09 M/s, Resolution: None
Name: 四川卫视, URL: http://btjg.net:809/hls/48/index.m3u8, IPv_Type: ipv4, Location: 中国-内蒙古-包头, ISP: 电信, Date: None, Delay: 12801 ms, Speed: 0.08 M/s, Resolution: 1920x1080
Name: 天津卫视, URL: http://222.169.85.8:9901/tsfile/live/0135_1.m3u8?key=txiptv&amp;amp;playlive=1&amp;amp;authid=0, IPv_Type: ipv4, Location: 中国-吉林-辽源, ISP: 电信, Date: None, Delay: 12803 ms, Speed: 0.00 M/s, Resolution: 1920x1080
Name: 天津卫视, URL: http://222.169.85.8:9901/tsfile/live/0135_1.m3u8?key=txiptv&amp;amp;playlive=1&amp;amp;authid=0, IPv_Type: ipv4, Location: 中国-吉林-辽源, ISP: 电信, Date: None, Delay: 12803 ms, Speed: 0.00 M/s, Resolution: 1920x1080
Name: 西藏卫视, URL: http://satellitepull.cnr.cn/live/wxxzws/playlist.m3u8, IPv_Type: ipv4, Location: 美国-德克萨斯州-达拉斯, ISP: 网宿科技CDN节点, Date: None, Delay: 6 ms, Speed: 16.96 M/s, Resolution: None
Name: 西藏卫视, URL: http://php.jdshipin.com/xztv.php?id=ws, IPv_Type: ipv6, Location: 美国, ISP: CloudFlare Inc., Date: None, Delay: 2820 ms, Speed: 0.49 M/s, Resolution: 1920x1080
Name: 西藏卫视, URL: http://php.jdshipin.com/xztv.php?id=ws, IPv_Type: ipv6, Location: 美国, ISP: CloudFlare Inc., Date: None, Delay: 2820 ms, Speed: 0.49 M/s, Resolution: 1920x1080
Name: 西藏卫视, URL: http://btjg.net:809/hls/140/index.m3u8, IPv_Type: ipv4, Location: 中国-内蒙古-包头, ISP: 电信, Date: None, Delay: 12801 ms, Speed: 0.08 M/s, Resolution: 1920x1080
Name: 新疆卫视, URL: http://satellitepull.cnr.cn/live/wxxjws/playlist.m3u8, IPv_Type: ipv4, Location: 美国-德克萨斯州-达拉斯, ISP: 网宿科技CDN节点, Date: None, Delay: 6 ms, Speed: 16.96 M/s, Resolution: None
Name: 新疆卫视, URL: http://php.jdshipin.com/TVOD/hljyd.php?id=3221225635, IPv_Type: ipv6, Location: 美国, ISP: CloudFlare Inc., Date: None, Delay: 2820 ms, Speed: 0.49 M/s, Resolution: 1920x1080
Name: 云南卫视, URL: https://hwapi.yntv.net/ew265l/z1z6s5.m3u8, IPv_Type: ipv4, Location: 中国-海南-海口, ISP: 电信, Date: None, Delay: 1683 ms, Speed: 0.58 M/s, Resolution: 1920x1080
Name: 云南卫视, URL: https://hwapi.yntv.net/ew265l/z1z6s5.m3u8, IPv_Type: ipv4, Location: 中国-海南-海口, ISP: 电信, Date: None, Delay: 1683 ms, Speed: 0.58 M/s, Resolution: 1920x1080
Name: 云南卫视, URL: http://php.jdshipin.com/TVOD/hljyd.php?id=3221226444, IPv_Type: ipv6, Location: 美国, ISP: CloudFlare Inc., Date: None, Delay: 2820 ms, Speed: 0.49 M/s, Resolution: 1920x1080
Name: 云南卫视, URL: http://btjg.net:809/hls/53/index.m3u8, IPv_Type: ipv4, Location: 中国-内蒙古-包头, ISP: 电信, Date: None, Delay: 12801 ms, Speed: 0.08 M/s, Resolution: 1920x1080
Name: 广东珠江, URL: http://php.jdshipin.com/TVOD/iptv.php?id=gdzj, IPv_Type: ipv6, Location: 美国, ISP: CloudFlare Inc., Date: None, Delay: 2820 ms, Speed: 0.49 M/s, Resolution: 1920x1080
Name: 广东珠江, URL: http://php.jdshipin.com/PLTV/iptv.php?id=gdzj, IPv_Type: ipv6, Location: 美国, ISP: CloudFlare Inc., Date: None, Delay: 2820 ms, Speed: 0.49 M/s, Resolution: 1920x1080
Name: 广东珠江, URL: http://php.jdshipin.com/TVOD/hnyd.php?id=200000001898/460000089800010091, IPv_Type: ipv6, Location: 美国, ISP: CloudFlare Inc., Date: None, Delay: 2820 ms, Speed: 0.49 M/s, Resolution: 1920x1080
Name: 广东体育, URL: https://epg.pw/stream/7b470f9fc5c305db0c8622117b7b25ca00eb35ba3e93e865cf0ff9df5c736681.m3u8, IPv_Type: ipv6, Location: 美国, ISP: CloudFlare Inc., Date: None, Delay: 874 ms, Speed: 0.73 M/s, Resolution: 1920x1080
Name: 广东体育, URL: http://php.jdshipin.com/PLTV/iptv.php?id=gdty, IPv_Type: ipv6, Location: 美国, ISP: CloudFlare Inc., Date: None, Delay: 2820 ms, Speed: 0.49 M/s, Resolution: 1920x1080
Name: 广东体育, URL: http://php.jdshipin.com/TVOD/iptv.php?id=gdty, IPv_Type: ipv6, Location: 美国, ISP: CloudFlare Inc., Date: None, Delay: 2820 ms, Speed: 0.49 M/s, Resolution: 1920x1080
Name: 广东新闻, URL: http://satellitepull.cnr.cn/live/wxgdxwgb/playlist.m3u8, IPv_Type: ipv4, Location: 美国-德克萨斯州-达拉斯, ISP: 网宿科技CDN节点, Date: None, Delay: 6 ms, Speed: 16.96 M/s, Resolution: None
Name: 广东新闻, URL: https://satellitepull.cnr.cn/live/wxgdxwgb/playlist.m3u8, IPv_Type: ipv4, Location: 美国-德克萨斯州-达拉斯, ISP: 网宿科技CDN节点, Date: None, Delay: 11 ms, Speed: 11.21 M/s, Resolution: None
Name: 广东新闻, URL: https://satellitepull.cnr.cn/live/wxgdxwgb/playlist.m3u8, IPv_Type: ipv4, Location: 美国-德克萨斯州-达拉斯, ISP: 网宿科技CDN节点, Date: None, Delay: 11 ms, Speed: 11.21 M/s, Resolution: None
Name: 广东新闻, URL: http://php.jdshipin.com:8880/chudian.php?id=gdxw, IPv_Type: ipv6, Location: 美国, ISP: CloudFlare Inc., Date: None, Delay: 2820 ms, Speed: 0.49 M/s, Resolution: 1920x1080
Name: 广东卫视, URL: http://satellitepull.cnr.cn/live/wxgdws/playlist.m3u8, IPv_Type: ipv4, Location: 美国-德克萨斯州-达拉斯, ISP: 网宿科技CDN节点, Date: None, Delay: 6 ms, Speed: 16.96 M/s, Resolution: None
Name: 广东卫视, URL: http://39.152.103.17:8089/tsfile/live/1042_1.m3u8, IPv_Type: ipv4, Location: 中国-辽宁-阜新, ISP: 移动, Date: None, Delay: 12401 ms, Speed: 0.09 M/s, Resolution: None
Name: 大湾区卫视, URL: http://php.jdshipin.com/TVOD/hnyd.php?id=200000001898/460000089800010108, IPv_Type: ipv6, Location: 美国, ISP: CloudFlare Inc., Date: None, Delay: 2820 ms, Speed: 0.49 M/s, Resolution: 1920x1080
Name: 广州综合, URL: http://php.jdshipin.com:8880/gztv.php?id=zhonghe, IPv_Type: ipv6, Location: 美国, ISP: CloudFlare Inc., Date: None, Delay: 2820 ms, Speed: 0.49 M/s, Resolution: 1920x1080
Name: 广州影视, URL: http://php.jdshipin.com:8880/gztv.php?id=yingshi#https://tencentplay.gztv.com/live/yingshi.m3u8?txSecret=7e9bddad7c8911626ed1d2c09fc605d9&txTime=18d00acf487, IPv_Type: ipv6, Location: 美国, ISP: CloudFlare Inc., Date: None, Delay: 2820 ms, Speed: 0.49 M/s, Resolution: 1920x1080
Name: 广州竞赛, URL: http://php.jdshipin.com:8880/gztv.php?id=jingsai#https://tencentplay.gztv.com/live/jingsai.m3u8?txSecret=49c8041461997c7a97dbcc3c7fd11b4f&txTime=18d00acf487, IPv_Type: ipv6, Location: 美国, ISP: CloudFlare Inc., Date: None, Delay: 2820 ms, Speed: 0.49 M/s, Resolution: 1920x1080
Name: 佛山综合, URL: http://php.jdshipin.com:8880/fstv.php?id=fszh, IPv_Type: ipv6, Location: 美国, ISP: CloudFlare Inc., Date: None, Delay: 2820 ms, Speed: 0.49 M/s, Resolution: 1920x1080
Name: 浙江钱江, URL: http://l.cztvcloud.com/channels/lantian/SXyuyao2/720p.m3u8, IPv_Type: ipv6, Location: 中国-江苏-常州, ISP: 电信, Date: None, Delay: 3398 ms, Speed: 0.67 M/s, Resolution: 1920x1080
Name: 浙江钱江, URL: http://l.cztvcloud.com/channels/lantian/SXyuyao2/720p.m3u8, IPv_Type: ipv6, Location: 中国-江苏-常州, ISP: 电信, Date: None, Delay: 3398 ms, Speed: 0.67 M/s, Resolution: 1920x1080
Name: 浙江钱江, URL: http://ali-m-l.cztv.com/channels/lantian/channel02/1080p.m3u8, IPv_Type: ipv6, Location: 中国-广西-防城港, ISP: 电信, Date: None, Delay: 1421 ms, Speed: 0.49 M/s, Resolution: 1920x1080
Name: 浙江钱江, URL: http://ali-m-l.cztv.com/channels/lantian/channel002/720p.m3u8, IPv_Type: ipv6, Location: 中国-广西-防城港, ISP: 电信, Date: None, Delay: 1421 ms, Speed: 0.49 M/s, Resolution: 1920x1080
Name: 浙江钱江, URL: http://ali-m-l.cztv.com/channels/lantian/channel002/1080p.m3u8?zzhed, IPv_Type: ipv6, Location: 中国-广西-防城港, ISP: 电信, Date: None, Delay: 1421 ms, Speed: 0.49 M/s, Resolution: 1920x1080
Name: 浙江钱江, URL: http://ali-m-l.cztv.com/channels/lantian/channel002/1080p.m3u8, IPv_Type: ipv6, Location: 中国-广西-防城港, ISP: 电信, Date: None, Delay: 1421 ms, Speed: 0.49 M/s, Resolution: 1920x1080
Name: 浙江钱江都市, URL: http://ali-m-l.cztv.com/channels/lantian/channel002/1080p.m3u8?zzhed, IPv_Type: ipv6, Location: 中国-广西-防城港, ISP: 电信, Date: None, Delay: 1421 ms, Speed: 0.49 M/s, Resolution: 1920x1080
Name: 浙江钱江台, URL: http://l.cztvcloud.com/channels/lantian/SXyuyao2/720p.m3u8, IPv_Type: ipv6, Location: 中国-江苏-常州, ISP: 电信, Date: None, Delay: 3398 ms, Speed: 0.67 M/s, Resolution: 1920x1080
Name: 浙江生活, URL: http://l.cztvcloud.com/channels/lantian/SXxiaoshan2/720p.m3u8, IPv_Type: ipv6, Location: 中国-上海-上海, ISP: 电信, Date: None, Delay: 3398 ms, Speed: 0.67 M/s, Resolution: 1920x1080
Name: 浙江生活, URL: http://ali-m-l.cztv.com/channels/lantian/channel003/1080p.m3u8, IPv_Type: ipv6, Location: 中国-广西-防城港, ISP: 电信, Date: None, Delay: 1421 ms, Speed: 0.49 M/s, Resolution: 1920x1080
Name: 浙江生活, URL: http://ali-m-l.cztv.com/channels/lantian/channel03/720p.m3u8, IPv_Type: ipv6, Location: 中国-广西-防城港, ISP: 电信, Date: None, Delay: 1421 ms, Speed: 0.49 M/s, Resolution: 1920x1080
Name: 浙江生活, URL: http://ali-m-l.cztv.com/channels/lantian/channel003/720p.m3u8, IPv_Type: ipv6, Location: 中国-广西-防城港, ISP: 电信, Date: None, Delay: 1421 ms, Speed: 0.49 M/s, Resolution: 1920x1080
Name: 浙江生活, URL: http://ali-vl.cztv.com/channels/lantian/channel003/360p.m3u8, IPv_Type: ipv6, Location: 中国, ISP: 中国电信, Date: None, Delay: 1820 ms, Speed: 0.38 M/s, Resolution: 1920x1080
Name: 浙江经济生活, URL: http://l.cztvcloud.com/channels/lantian/SXxiaoshan2/720p.m3u8, IPv_Type: ipv6, Location: 中国-江苏-常州, ISP: 电信, Date: None, Delay: 3398 ms, Speed: 0.67 M/s, Resolution: 1920x1080
Name: 浙江经济生活, URL: http://ali-m-l.cztv.com/channels/lantian/channel03/1080p.m3u8#https://ali-m-l.cztv.com/channels/lantian/channel003/1080p.m3u8#http://ali-m-l.cztv.com/channels/lantian/channel003/1080p.m3u8, IPv_Type: ipv6, Location: 中国-广西-防城港, ISP: 电信, Date: None, Delay: 1421 ms, Speed: 0.49 M/s, Resolution: 1920x1080
Name: 浙江经济生活, URL: http://ali-vl.cztv.com/channels/lantian/channel003/360p.m3u8, IPv_Type: ipv6, Location: 中国, ISP: 中国电信, Date: None, Delay: 1820 ms, Speed: 0.38 M/s, Resolution: 1920x1080
Name: 浙江教育, URL: https://ali-m-l.cztv.com/channels/lantian/channel004/1080p.m3u8, IPv_Type: ipv6, Location: 中国-广西-防城港, ISP: 电信, Date: None, Delay: 2054 ms, Speed: 0.93 M/s, Resolution: 1920x1080
Name: 浙江教育, URL: https://ali-m-l.cztv.com/channels/lantian/channel004/1080p.m3u8, IPv_Type: ipv6, Location: 中国-广西-防城港, ISP: 电信, Date: None, Delay: 2054 ms, Speed: 0.93 M/s, Resolution: 1920x1080
Name: 浙江教育, URL: http://ali-m-l.cztv.com/channels/lantian/channel04/720p.m3u8, IPv_Type: ipv6, Location: 中国-广西-防城港, ISP: 电信, Date: None, Delay: 1421 ms, Speed: 0.49 M/s, Resolution: 1920x1080
Name: 浙江教育, URL: http://ali-vl.cztv.com/channels/lantian/channel004/360p.m3u8, IPv_Type: ipv6, Location: 中国, ISP: 中国电信, Date: None, Delay: 1820 ms, Speed: 0.38 M/s, Resolution: 1920x1080
Name: 浙江民生, URL: https://ali-m-l.cztv.com/channels/lantian/channel006/1080p.m3u8, IPv_Type: ipv6, Location: 中国-广西-防城港, ISP: 电信, Date: None, Delay: 2054 ms, Speed: 0.93 M/s, Resolution: 1920x1080
Name: 浙江民生, URL: http://ali-m-l.cztv.com/channels/lantian/channel006/1080p.m3u8, IPv_Type: ipv4, Location: 中国-上海-上海, ISP: 电信, Date: None, Delay: 1421 ms, Speed: 0.49 M/s, Resolution: 1920x1080
Name: 浙江民生, URL: http://ali-m-l.cztv.com/channels/lantian/channel06/720p.m3u8, IPv_Type: ipv4, Location: 中国-上海-上海, ISP: 电信, Date: None, Delay: 1421 ms, Speed: 0.49 M/s, Resolution: 1920x1080
Name: 浙江民生, URL: http://ali-m-l.cztv.com/channels/lantian/channel06/1080p.m3u8, IPv_Type: ipv4, Location: 中国-上海-上海, ISP: 电信, Date: None, Delay: 1421 ms, Speed: 0.49 M/s, Resolution: 1920x1080
Name: 浙江新闻, URL: https://ali-m-l.cztv.com/channels/lantian/channel07/720p.m3u8, IPv_Type: ipv6, Location: 中国-广西-防城港, ISP: 电信, Date: None, Delay: 2054 ms, Speed: 0.93 M/s, Resolution: 1920x1080
Name: 浙江新闻, URL: https://ali-m-l.cztv.com/channels/lantian/channel07/1080p.m3u8, IPv_Type: ipv6, Location: 中国-广西-防城港, ISP: 电信, Date: None, Delay: 2054 ms, Speed: 0.93 M/s, Resolution: 1920x1080
Name: 浙江新闻, URL: http://ali-m-l.cztv.com/channels/lantian/channel07/720p.m3u8, IPv_Type: ipv6, Location: 中国-广西-防城港, ISP: 电信, Date: None, Delay: 1421 ms, Speed: 0.49 M/s, Resolution: 1920x1080
Name: 浙江新闻, URL: http://ali-m-l.cztv.com/channels/lantian/channel007/720p.m3u8, IPv_Type: ipv6, Location: 中国-广西-防城港, ISP: 电信, Date: None, Delay: 1421 ms, Speed: 0.49 M/s, Resolution: 1920x1080
Name: 浙江新闻, URL: http://ali-m-l.cztv.com/channels/lantian/channel007/1080p.m3u8, IPv_Type: ipv6, Location: 中国-广西-防城港, ISP: 电信, Date: None, Delay: 1421 ms, Speed: 0.49 M/s, Resolution: 1920x1080
Name: 浙江新闻, URL: http://ali-vl.cztv.com/channels/lantian/channel007/360p.m3u8, IPv_Type: ipv6, Location: 中国, ISP: 中国电信, Date: None, Delay: 1820 ms, Speed: 0.38 M/s, Resolution: 1920x1080
Name: 浙江少儿, URL: https://ali-m-l.cztv.com/channels/lantian/channel008/1080p.m3u8, IPv_Type: ipv6, Location: 中国-广西-防城港, ISP: 电信, Date: None, Delay: 2054 ms, Speed: 0.93 M/s, Resolution: 1920x1080
Name: 浙江少儿, URL: http://ali-m-l.cztv.com/channels/lantian/channel008/1080p.m3u8, IPv_Type: ipv6, Location: 中国-广西-防城港, ISP: 电信, Date: None, Delay: 1421 ms, Speed: 0.49 M/s, Resolution: 1920x1080
Name: 浙江少儿, URL: http://ali-m-l.cztv.com/channels/lantian/channel008/1080p.m3u8?fbl=, IPv_Type: ipv6, Location: 中国-广西-防城港, ISP: 电信, Date: None, Delay: 1421 ms, Speed: 0.49 M/s, Resolution: 1920x1080
Name: 浙江少儿, URL: http://ali-vl.cztv.com/channels/lantian/channel008/360p.m3u8, IPv_Type: ipv6, Location: 中国, ISP: 中国电信, Date: None, Delay: 1820 ms, Speed: 0.38 M/s, Resolution: 1920x1080
Name: 浙江少儿, URL: http://ali-vl.cztv.com/channels/lantian/channel008/360p.m3u8?a=1000&amp;d=83b26bacf5397c013aff782b2c4287d0&amp;k=c99bdac76cff6ddc27e750ba689b7d5b&amp;t=1704368408, IPv_Type: ipv4, Location: 中国-上海-上海, ISP: 电信, Date: None, Delay: 1820 ms, Speed: 0.38 M/s, Resolution: 1920x1080
Name: 浙江教科, URL: https://ali-m-l.cztv.com/channels/lantian/channel004/1080p.m3u8, IPv_Type: ipv6, Location: 中国-广西-防城港, ISP: 电信, Date: None, Delay: 2054 ms, Speed: 0.93 M/s, Resolution: 1920x1080
Name: 浙江教科, URL: http://ali-m-l.cztv.com/channels/lantian/channel004/1080p.m3u8, IPv_Type: ipv6, Location: 中国-广西-防城港, ISP: 电信, Date: None, Delay: 1421 ms, Speed: 0.49 M/s, Resolution: 1920x1080
Name: 浙江经济, URL: http://ali-m-l.cztv.com/channels/lantian/channel03/720p.m3u8, IPv_Type: ipv4, Location: 中国-上海-上海, ISP: 电信, Date: None, Delay: 1421 ms, Speed: 0.49 M/s, Resolution: 1920x1080
Name: 浙江经济, URL: http://ali-m-l.cztv.com/channels/lantian/channel003/1080p.m3u8, IPv_Type: ipv4, Location: 中国-陕西, ISP: 移动, Date: None, Delay: 1421 ms, Speed: 0.49 M/s, Resolution: 1920x1080
Name: 之江纪录, URL: https://ali-m-l.cztv.com/channels/lantian/channel12/720p.m3u8, IPv_Type: ipv6, Location: 中国-广西-防城港, ISP: 电信, Date: None, Delay: 2054 ms, Speed: 0.93 M/s, Resolution: 1920x1080
Name: 之江纪录, URL: http://ali-m-l.cztv.com/channels/lantian/channel12/1080p.m3u8, IPv_Type: ipv6, Location: 中国-广西-防城港, ISP: 电信, Date: None, Delay: 1421 ms, Speed: 0.49 M/s, Resolution: 1920x1080
Name: 之江纪录, URL: http://ali-m-l.cztv.com/channels/lantian/channel012/1080p.m3u8, IPv_Type: ipv6, Location: 中国-广西-防城港, ISP: 电信, Date: None, Delay: 1421 ms, Speed: 0.49 M/s, Resolution: 1920x1080
Name: 浙江国际, URL: https://ali-m-l.cztv.com/channels/lantian/channel010/1080p.m3u8, IPv_Type: ipv6, Location: 中国-广西-防城港, ISP: 电信, Date: None, Delay: 2054 ms, Speed: 0.93 M/s, Resolution: 1920x1080
Name: 浙江国际, URL: http://ali-m-l.cztv.com/channels/lantian/channel010/1080p.m3u8?zzhed, IPv_Type: ipv6, Location: 中国-广西-防城港, ISP: 电信, Date: None, Delay: 1421 ms, Speed: 0.49 M/s, Resolution: 1920x1080
Name: 浙江国际, URL: http://ali-m-l.cztv.com/channels/lantian/channel010/720p.m3u8, IPv_Type: ipv6, Location: 中国-广西-防城港, ISP: 电信, Date: None, Delay: 1421 ms, Speed: 0.49 M/s, Resolution: 1920x1080
Name: 浙江国际, URL: http://ali-vl.cztv.com/channels/lantian/channel010/360p.m3u8, IPv_Type: ipv6, Location: 中国, ISP: 中国电信, Date: None, Delay: 1820 ms, Speed: 0.38 M/s, Resolution: 1920x1080
Name: 浙江国际, URL: http://ali-vl.cztv.com/channels/lantian/channel010/360p.m3u8?a=1000&d=4e3d476240659192311f471b7b63aec2&k=d26568bae9dd23dd781c769c148459b2&t=1683180450, IPv_Type: ipv4, Location: 中国-上海-上海, ISP: 电信, Date: None, Delay: 1820 ms, Speed: 0.38 M/s, Resolution: 1920x1080
Name: 嘉兴新闻综合, URL: http://live.zohi.tv/video/s10001-fztv-1/index.m3u8, IPv_Type: ipv6, Location: 中国, ISP: 中国电信, Date: None, Delay: 2067 ms, Speed: 1.44 M/s, Resolution: 1920x1080
Name: 嘉兴新闻综合, URL: http://live.zohi.tv/video/s10001-fztv-1/index.m3u8, IPv_Type: ipv6, Location: 中国, ISP: 中国电信, Date: None, Delay: 2067 ms, Speed: 1.44 M/s, Resolution: 1920x1080
Name: 嘉兴新闻综合, URL: http://tvfile.jyrmt.cn:80/nmip-media/channellive/channel104452/playlist.m3u8, IPv_Type: ipv4, Location: 中国-四川, ISP: 广电网, Date: None, Delay: 2862 ms, Speed: 0.64 M/s, Resolution: 1920x1080
Name: 嘉兴新闻综合, URL: http://tvfile.jyrmt.cn:80/nmip-media/channellive/channel104452/playlist.m3u8, IPv_Type: ipv4, Location: 中国-四川, ISP: 广电网, Date: None, Delay: 2862 ms, Speed: 0.64 M/s, Resolution: 1920x1080
Name: 湖州公共, URL: http://hzcm-live.media.hugd.com/1e6b554b9ab74513958c0e1ffe664d22/9acaa7634309494cb29a85eb12136607.m3u8?auth_key=2272900830-9a2389b8bf4e49d580d4ad807423d326-0-ea78a5c7a678c436263582d368f5009e&amp;fbl=, IPv_Type: ipv4, Location: 中国-上海-上海, ISP: 电信, Date: None, Delay: 1207 ms, Speed: 0.31 M/s, Resolution: 1280x720
Name: 湖州公共, URL: http://hzcm-live.media.hugd.com/1e6b554b9ab74513958c0e1ffe664d22/9acaa7634309494cb29a85eb12136607.m3u8?auth_key=2272900830-9a2389b8bf4e49d580d4ad807423d326-0-ea78a5c7a678c436263582d368f5009e&amp;fbl=, IPv_Type: ipv4, Location: 中国-上海-上海, ISP: 电信, Date: None, Delay: 1207 ms, Speed: 0.31 M/s, Resolution: 1280x720
Name: 湖州公共, URL: https://hzcm-live.media.hugd.com/1e6b554b9ab74513958c0e1ffe664d22/9acaa7634309494cb29a85eb12136607.m3u8?auth_key=2272900830-9a2389b8bf4e49d580d4ad807423d326-0-ea78a5c7a678c436263582d368f5009e, IPv_Type: ipv4, Location: 中国-上海-上海, ISP: 电信, Date: None, Delay: 1672 ms, Speed: 0.24 M/s, Resolution: 1280x720
Name: 湖州公共, URL: https://hzcm-live.media.hugd.com/1e6b554b9ab74513958c0e1ffe664d22/9acaa7634309494cb29a85eb12136607.m3u8?auth_key=2272900830-9a2389b8bf4e49d580d4ad807423d326-0-ea78a5c7a678c436263582d368f5009e, IPv_Type: ipv4, Location: 中国-上海-上海, ISP: 电信, Date: None, Delay: 1672 ms, Speed: 0.24 M/s, Resolution: 1280x720
Name: 湖州新闻综合, URL: http://hzcm-live.media.hugd.com/3f5fa7d64c7c46a38c6bd8ad35e836cc/65128273761b4731ae53729ea6dcf932.m3u8?auth_key=2277598215-9d21c15111244bea8d298c361d31a72e-0-d031198f58d44b0e91ba2e3f3b188865, IPv_Type: ipv4, Location: 中国-上海-上海, ISP: 电信, Date: None, Delay: 1207 ms, Speed: 0.31 M/s, Resolution: 1280x720
Name: 湖州新闻综合, URL: http://hzcm-live.media.hugd.com/3f5fa7d64c7c46a38c6bd8ad35e836cc/65128273761b4731ae53729ea6dcf932.m3u8?auth_key=2277598215-9d21c15111244bea8d298c361d31a72e-0-d031198f58d44b0e91ba2e3f3b188865&amp;amp;amp;fbl=, IPv_Type: ipv4, Location: 中国-上海-上海, ISP: 电信, Date: None, Delay: 1207 ms, Speed: 0.31 M/s, Resolution: 1280x720
Name: 湖州新闻综合, URL: http://hzcm-live.media.hugd.com/3f5fa7d64c7c46a38c6bd8ad35e836cc/65128273761b4731ae53729ea6dcf932.m3u8?auth_key=2277598215-9d21c15111244bea8d298c361d31a72e-0-d031198f58d44b0e91ba2e3f3b188865&amp;fbl=, IPv_Type: ipv4, Location: 中国-上海-上海, ISP: 电信, Date: None, Delay: 1207 ms, Speed: 0.31 M/s, Resolution: 1280x720
Name: 湖州新闻综合, URL: http://hzcm-live.media.hugd.com/3f5fa7d64c7c46a38c6bd8ad35e836cc/65128273761b4731ae53729ea6dcf932.m3u8?auth_key=2277598215-9d21c15111244bea8d298c361d31a72e-0-d031198f58d44b0e91ba2e3f3b188865&amp;amp;fbl=, IPv_Type: ipv4, Location: 中国-上海-上海, ISP: 电信, Date: None, Delay: 1207 ms, Speed: 0.31 M/s, Resolution: 1280x720
Name: 湖州新闻综合, URL: http://hzcm-live.media.hugd.com/3f5fa7d64c7c46a38c6bd8ad35e836cc/65128273761b4731ae53729ea6dcf932.m3u8?auth_key=2277598215-9d21c15111244bea8d298c361d31a72e-0-d031198f58d44b0e91ba2e3f3b188865&fbl=, IPv_Type: ipv4, Location: 中国-河南-郑州, ISP: 联通, Date: None, Delay: 1207 ms, Speed: 0.31 M/s, Resolution: 1280x720
Name: 湖州新闻综合, URL: https://hzcm-live.media.hugd.com/3f5fa7d64c7c46a38c6bd8ad35e836cc/65128273761b4731ae53729ea6dcf932.m3u8?auth_key=2277598215-9d21c15111244bea8d298c361d31a72e-0-d031198f58d44b0e91ba2e3f3b188865, IPv_Type: ipv4, Location: 中国-上海-上海, ISP: 电信, Date: None, Delay: 1672 ms, Speed: 0.24 M/s, Resolution: 1280x720
Name: 湖州文化娱乐, URL: http://hzcm-live.media.hugd.com/613c47f0ab0d4eaa98b21378d0db6ded/0051d31c9dd543a7825eea4e49675b2a.m3u8?auth_key=2277598059-0a5ebfa1c0dc4671b42a60810fc37039-0-fa625b7d1feab612062453c12e3c8887, IPv_Type: ipv4, Location: 中国-上海-上海, ISP: 电信, Date: None, Delay: 1207 ms, Speed: 0.31 M/s, Resolution: 1280x720
Name: 湖州文化娱乐, URL: http://hzcm-live.media.hugd.com/613c47f0ab0d4eaa98b21378d0db6ded/0051d31c9dd543a7825eea4e49675b2a.m3u8?auth_key=2277598059-0a5ebfa1c0dc4671b42a60810fc37039-0-fa625b7d1feab612062453c12e3c8887&fbl=, IPv_Type: ipv4, Location: 中国-上海-上海, ISP: 电信, Date: None, Delay: 1207 ms, Speed: 0.31 M/s, Resolution: 1280x720
Name: 湖州文化娱乐, URL: http://hzcm-live.media.hugd.com/613c47f0ab0d4eaa98b21378d0db6ded/0051d31c9dd543a7825eea4e49675b2a.m3u8?auth_key=2277598059-0a5ebfa1c0dc4671b42a60810fc37039-0-fa625b7d1feab612062453c12e3c8887&amp;fbl=, IPv_Type: ipv4, Location: 中国-上海-上海, ISP: 电信, Date: None, Delay: 1207 ms, Speed: 0.31 M/s, Resolution: 1280x720
Name: 湖州文化娱乐, URL: http://hzcm-live.media.hugd.com/613c47f0ab0d4eaa98b21378d0db6ded/0051d31c9dd543a7825eea4e49675b2a.m3u8?auth_key=2277598059-0a5ebfa1c0dc4671b42a60810fc37039-0-fa625b7d1feab612062453c12e3c8887&amp;amp;fbl=, IPv_Type: ipv4, Location: 中国-上海-上海, ISP: 电信, Date: None, Delay: 1207 ms, Speed: 0.31 M/s, Resolution: 1280x720
Name: 湖州文化娱乐, URL: https://hzcm-live.media.hugd.com/613c47f0ab0d4eaa98b21378d0db6ded/0051d31c9dd543a7825eea4e49675b2a.m3u8?auth_key=2277598059-0a5ebfa1c0dc4671b42a60810fc37039-0-fa625b7d1feab612062453c12e3c8887, IPv_Type: ipv4, Location: 中国-上海-上海, ISP: 电信, Date: None, Delay: 1672 ms, Speed: 0.24 M/s, Resolution: 1280x720
Name: 浙江经视, URL: http://ali-m-l.cztv.com/channels/lantian/channel003/720p.m3u8, IPv_Type: ipv6, Location: 中国-广西-防城港, ISP: 电信, Date: None, Delay: 1421 ms, Speed: 0.49 M/s, Resolution: 1920x1080
Name: 浙江留学, URL: https://ali-m-l.cztv.com/channels/lantian/channel009/1080p.m3u8, IPv_Type: ipv6, Location: 中国-广西-防城港, ISP: 电信, Date: None, Delay: 2054 ms, Speed: 0.93 M/s, Resolution: 1920x1080
Name: 浙江留学, URL: http://ali-vl.cztv.com/channels/lantian/channel009/360p.m3u8, IPv_Type: ipv6, Location: 中国, ISP: 中国电信, Date: None, Delay: 1820 ms, Speed: 0.38 M/s, Resolution: 1920x1080
Name: 浙江民生休闲, URL: https://ali-m-l.cztv.com/channels/lantian/channel006/1080p.m3u8, IPv_Type: ipv6, Location: 中国-广西-防城港, ISP: 电信, Date: None, Delay: 2054 ms, Speed: 0.93 M/s, Resolution: 1920x1080
Name: 浙江民生休闲, URL: http://ali-m-l.cztv.com/channels/lantian/channel06/720p.m3u8, IPv_Type: ipv6, Location: 中国-广西-防城港, ISP: 电信, Date: None, Delay: 1421 ms, Speed: 0.49 M/s, Resolution: 1920x1080
Name: 浙江民生休闲, URL: http://ali-m-l.cztv.com/channels/lantian/channel006/1080p.m3u8, IPv_Type: ipv6, Location: 中国-广西-防城港, ISP: 电信, Date: None, Delay: 1421 ms, Speed: 0.49 M/s, Resolution: 1920x1080
Name: 浙江民生休闲, URL: http://ali-m-l.cztv.com/channels/lantian/channel06/1080p.m3u8, IPv_Type: ipv6, Location: 中国-广西-防城港, ISP: 电信, Date: None, Delay: 1421 ms, Speed: 0.49 M/s, Resolution: 1920x1080
Name: 浙江民生休闲, URL: http://ali-vl.cztv.com/channels/lantian/channel006/360p.m3u8, IPv_Type: ipv6, Location: 中国, ISP: 中国电信, Date: None, Delay: 1820 ms, Speed: 0.38 M/s, Resolution: 1920x1080
Name: 浙江数码时代, URL: https://ali-m-l.cztv.com/channels/lantian/channel012/1080p.m3u8\r\n, IPv_Type: ipv6, Location: 中国-广西-防城港, ISP: 电信, Date: None, Delay: 2054 ms, Speed: 0.93 M/s, Resolution: 1920x1080
Name: 浙江数码时代, URL: http://ali-m-l.cztv.com/channels/lantian/channel012/1080p.m3u8, IPv_Type: ipv4, Location: 中国-上海-上海, ISP: 电信, Date: None, Delay: 1421 ms, Speed: 0.49 M/s, Resolution: 1920x1080
Name: 浙江数码时代, URL: http://ali-m-l.cztv.com/channels/lantian/channel12/720p.m3u8?zzhed, IPv_Type: ipv4, Location: 中国-陕西, ISP: 移动, Date: None, Delay: 1421 ms, Speed: 0.49 M/s, Resolution: 1920x1080
Name: 浙江数码时代, URL: http://ali-m-l.cztv.com/channels/lantian/channel12/720p.m3u8, IPv_Type: ipv4, Location: 中国-上海-上海, ISP: 电信, Date: None, Delay: 1421 ms, Speed: 0.49 M/s, Resolution: 1920x1080
Name: 浙江教科影院, URL: http://ali-m-l.cztv.com/channels/lantian/channel004/1080p.m3u8, IPv_Type: ipv6, Location: 中国-广西-防城港, ISP: 电信, Date: None, Delay: 1421 ms, Speed: 0.49 M/s, Resolution: 1920x1080
Name: 浙江教科影视, URL: https://ali-m-l.cztv.com/channels/lantian/channel004/1080p.m3u8, IPv_Type: ipv6, Location: 中国-广西-防城港, ISP: 电信, Date: None, Delay: 2054 ms, Speed: 0.93 M/s, Resolution: 1920x1080
Name: 浙江教科影视, URL: http://ali-m-l.cztv.com/channels/lantian/channel04/1080p.m3u8, IPv_Type: ipv6, Location: 中国-广西-防城港, ISP: 电信, Date: None, Delay: 1421 ms, Speed: 0.49 M/s, Resolution: 1920x1080
Name: 浙江公共新闻, URL: http://ali-m-l.cztv.com/channels/lantian/channel07/1080p.m3u8, IPv_Type: ipv6, Location: 中国-广西-防城港, ISP: 电信, Date: None, Delay: 1421 ms, Speed: 0.49 M/s, Resolution: 1920x1080
Name: 浙江休闲台, URL: http://ali-m-l.cztv.com/channels/lantian/channel006/720p.m3u8, IPv_Type: ipv6, Location: 中国-广西-防城港, ISP: 电信, Date: None, Delay: 1421 ms, Speed: 0.49 M/s, Resolution: 1920x1080
Name: 浙江青田, URL: http://l.cztvcloud.com/channels/lantian/SXqingtian1/720p.m3u8?zzhed, IPv_Type: ipv6, Location: 中国-江苏-常州, ISP: 电信, Date: None, Delay: 3398 ms, Speed: 0.67 M/s, Resolution: 1920x1080
Name: 浙江遂昌, URL: http://l.cztvcloud.com/channels/lantian/SXsuichang1/720p.m3u8, IPv_Type: ipv6, Location: 中国-江苏-常州, ISP: 电信, Date: None, Delay: 3398 ms, Speed: 0.67 M/s, Resolution: 1920x1080
Name: 浙江遂昌, URL: http://l.cztvcloud.com/channels/lantian/SXsuichang1/720p.m3u8?%E5%85%B3%E6%B3%A8%E5%BE%AE%E4%BF%A1%E5%85%AC%E4%BC%97%E5%8F%B7[%E6%99%B4%E5%9B%AD], IPv_Type: ipv6, Location: 中国-江苏-常州, ISP: 电信, Date: None, Delay: 3398 ms, Speed: 0.67 M/s, Resolution: 1920x1080
Name: 诸暨新闻综合, URL: http://l.cztvcloud.com/channels/lantian/SXzhuji3/720p.m3u8?zzhed, IPv_Type: ipv6, Location: 中国-江苏-常州, ISP: 电信, Date: None, Delay: 3398 ms, Speed: 0.67 M/s, Resolution: 1920x1080
Name: 诸暨新闻综合, URL: http://l.cztvcloud.com/channels/lantian/SXzhuji3/720p.m3u8?zzhed#EXTINF:-1%20group-title=%22%E2%80%A2%E9%9F%B3%E4%B9%90%22,%E9%9F%B3%E4%B9%90%E7%9F%B3%E6%A6%B4, IPv_Type: ipv4, Location: 中国-上海-上海, ISP: 电信, Date: None, Delay: 3398 ms, Speed: 0.67 M/s, Resolution: 1920x1080
Name: 龙游生活娱乐, URL: http://l.cztvcloud.com/channels/lantian/SXlongyou2/720p.m3u8, IPv_Type: ipv6, Location: 中国-江苏-常州, ISP: 电信, Date: None, Delay: 3398 ms, Speed: 0.67 M/s, Resolution: 1920x1080
Name: 龙游生活娱乐, URL: http://l.cztvcloud.com/channels/lantian/SXlongyou2/720p.m3u8?zzhed, IPv_Type: ipv4, Location: 中国-上海-上海, ISP: 电信, Date: None, Delay: 3398 ms, Speed: 0.67 M/s, Resolution: 1920x1080
Name: 龙游新闻综合, URL: https://l.cztvcloud.com/channels/lantian/SXlongyou1/720p.m3u8, IPv_Type: ipv6, Location: 中国-江苏-常州, ISP: 电信, Date: None, Delay: 4550 ms, Speed: 0.88 M/s, Resolution: 1920x1080
Name: 龙游新闻综合, URL: https://l.cztvcloud.com/channels/lantian/SXlongyou1/720p.m3u8, IPv_Type: ipv6, Location: 中国-江苏-常州, ISP: 电信, Date: None, Delay: 4550 ms, Speed: 0.88 M/s, Resolution: 1920x1080
Name: 龙游新闻综合, URL: http://l.cztvcloud.com/channels/lantian/SXlongyou1/720p.m3u8?zzhed, IPv_Type: ipv6, Location: 中国-江苏-常州, ISP: 电信, Date: None, Delay: 3398 ms, Speed: 0.67 M/s, Resolution: 1920x1080
Name: 龙泉新闻综合, URL: http://l.cztvcloud.com/channels/lantian/SXlongquan1/720p.m3u8, IPv_Type: ipv6, Location: 中国-江苏-常州, ISP: 电信, Date: None, Delay: 3398 ms, Speed: 0.67 M/s, Resolution: 1920x1080
Name: 龙泉新闻综合, URL: http://l.cztvcloud.com/channels/lantian/SXlongquan1/720p.m3u8?zzhed&quot;, IPv_Type: ipv6, Location: 中国-江苏-常州, ISP: 电信, Date: None, Delay: 3398 ms, Speed: 0.67 M/s, Resolution: 1920x1080
Name: 龙泉新闻综合, URL: http://l.cztvcloud.com/channels/lantian/SXlongquan1/720p.m3u8?zzhed,, IPv_Type: ipv4, Location: 中国-上海-上海, ISP: 电信, Date: None, Delay: 3398 ms, Speed: 0.67 M/s, Resolution: 1920x1080
Name: 青田电视台, URL: http://l.cztvcloud.com/channels/lantian/SXqingtian1/720p.m3u8, IPv_Type: ipv6, Location: 中国-江苏-常州, ISP: 电信, Date: None, Delay: 3398 ms, Speed: 0.67 M/s, Resolution: 1920x1080
Name: 青田电视台, URL: http://l.cztvcloud.com/channels/lantian/SXqingtian1/720p.m3u8?zzhed, IPv_Type: ipv4, Location: 中国-上海-上海, ISP: 电信, Date: None, Delay: 3398 ms, Speed: 0.67 M/s, Resolution: 1920x1080
Name: 遂昌综合, URL: http://l.cztvcloud.com/channels/lantian/SXsuichang1/720p.m3u8?zzhed, IPv_Type: ipv6, Location: 中国-江苏-常州, ISP: 电信, Date: None, Delay: 3398 ms, Speed: 0.67 M/s, Resolution: 1920x1080
Name: 遂昌综合, URL: http://l.cztvcloud.com/channels/lantian/SXsuichang1/720p.m3u8?zzhed;http://l.cztvcloud.com/channels/lantian/SXsuichang1/720p.m3u8zzhed, IPv_Type: ipv4, Location: 中国-上海-上海, ISP: 电信, Date: None, Delay: 3398 ms, Speed: 0.67 M/s, Resolution: 1920x1080
Name: 遂昌新闻综合, URL: http://l.cztvcloud.com/channels/lantian/SXsuichang1/720p.m3u8, IPv_Type: ipv6, Location: 中国-江苏-常州, ISP: 电信, Date: None, Delay: 3398 ms, Speed: 0.67 M/s, Resolution: 1920x1080
Name: 象山综合, URL: http://l.cztvcloud.com/channels/lantian/SXxiangshan1/720p.m3u8?zzhed, IPv_Type: ipv6, Location: 中国-江苏-常州, ISP: 电信, Date: None, Delay: 3398 ms, Speed: 0.67 M/s, Resolution: 1920x1080
Name: 象山电视台新闻综合, URL: http://l.cztvcloud.com/channels/lantian/SXxiangshan1/720p.m3u8?zzhed, IPv_Type: ipv6, Location: 中国-江苏-常州, ISP: 电信, Date: None, Delay: 3398 ms, Speed: 0.67 M/s, Resolution: 1920x1080
Name: 象山新闻综合, URL: http://l.cztvcloud.com/channels/lantian/SXxiangshan1/720p.m3u8, IPv_Type: ipv6, Location: 中国-江苏-常州, ISP: 电信, Date: None, Delay: 3398 ms, Speed: 0.67 M/s, Resolution: 1920x1080
Name: 象山新闻综合, URL: http://l.cztvcloud.com/channels/lantian/SXxiangshan1/720p.m3u8?zzhed, IPv_Type: ipv4, Location: 中国-上海-上海, ISP: 电信, Date: None, Delay: 3398 ms, Speed: 0.67 M/s, Resolution: 1920x1080
Name: 衢江新闻综合, URL: http://l.cztvcloud.com/channels/lantian/SXqujiang1/720p.m3u8?zzhed, IPv_Type: ipv6, Location: 中国-江苏-常州, ISP: 电信, Date: None, Delay: 3398 ms, Speed: 0.67 M/s, Resolution: 1920x1080
Name: 衢江新闻综合, URL: http://l.cztvcloud.com/channels/lantian/SXqujiang1/720p.m3u8?zzhed;http://l.cztvcloud.com/channels/lantian/SXqujiang1/720p.m3u8zzhed;http://l.cztvcloud.com/channels/lantian/SXqujiang1/720p.m3u8, IPv_Type: ipv4, Location: 中国-上海-上海, ISP: 电信, Date: None, Delay: 3398 ms, Speed: 0.67 M/s, Resolution: 1920x1080
Name: 萧山生活, URL: https://l.cztvcloud.com/channels/lantian/SXxiaoshan2/720p.m3u8, IPv_Type: ipv6, Location: 中国-江苏-常州, ISP: 电信, Date: None, Delay: 4550 ms, Speed: 0.88 M/s, Resolution: 1920x1080
Name: 萧山生活, URL: http://l.cztvcloud.com/channels/lantian/SXxiaoshan2/720p.m3u8?zzhed, IPv_Type: ipv6, Location: 中国-江苏-常州, ISP: 电信, Date: None, Delay: 3398 ms, Speed: 0.67 M/s, Resolution: 1920x1080
Name: 萧山生活, URL: http://l.cztvcloud.com/channels/lantian/SXxiaoshan2/720p.m3u8$山东酒店源-cache:http://47.104.102.192/ZHGXTV/Public/json/live_interface.txt, IPv_Type: ipv4, Location: 中国-上海-上海, ISP: 电信, Date: None, Delay: 3398 ms, Speed: 0.67 M/s, Resolution: 1920x1080
Name: 萧山新闻综合, URL: https://l.cztvcloud.com/channels/lantian/SXxiaoshan1/720p.m3u8, IPv_Type: ipv6, Location: 中国-江苏-常州, ISP: 电信, Date: None, Delay: 4550 ms, Speed: 0.88 M/s, Resolution: 1920x1080
Name: 萧山新闻综合, URL: http://l.cztvcloud.com/channels/lantian/SXxiaoshan1/720p.m3u8?zzhed, IPv_Type: ipv6, Location: 中国-江苏-常州, ISP: 电信, Date: None, Delay: 3398 ms, Speed: 0.67 M/s, Resolution: 1920x1080
Name: 萧山新闻综合, URL: http://l.cztvcloud.com/channels/lantian/SXxiaoshan1/720p.m3u8$山东酒店源-cache:http://47.104.102.192/ZHGXTV/Public/json/live_interface.txt, IPv_Type: ipv4, Location: 中国-上海-上海, ISP: 电信, Date: None, Delay: 3398 ms, Speed: 0.67 M/s, Resolution: 1920x1080
Name: 萧山新闻综合, URL: http://l.cztvcloud.com/channels/lantian/SXxiaoshan1/720p.m3u8?cWlkPSZzPTg3OWMwYmMyZDMzYTFhZGY3NDQxMjgyYTg1MmUzNTY0JmVzPTE3MDY2Nzc4NzMmdXVpZD0yMjdiY2MzNGNiNGY0MThlYjRiY2IxYzcwNmZjODNkMS02NzQ3NDY2NyZ2PTImYXM9MCZjZG5leF9pZD10eF9waG9uZV9saXZl, IPv_Type: ipv4, Location: 中国-上海-上海, ISP: 电信, Date: None, Delay: 3398 ms, Speed: 0.67 M/s, Resolution: 1920x1080
Name: 苍南新闻综合, URL: https://l.cztvcloud.com/channels/lantian/SXcangnan1/720p.m3u8, IPv_Type: ipv6, Location: 中国-江苏-常州, ISP: 电信, Date: None, Delay: 4550 ms, Speed: 0.88 M/s, Resolution: 1920x1080
Name: 苍南新闻综合, URL: http://l.cztvcloud.com/channels/lantian/SXcangnan1/720p.m3u8?zzhed, IPv_Type: ipv6, Location: 中国-江苏-常州, ISP: 电信, Date: None, Delay: 3398 ms, Speed: 0.67 M/s, Resolution: 1920x1080
Name: 苍南新闻综合, URL: http://l.cztvcloud.com/channels/lantian/SXcangnan1/720p.m3u8?zzhed;http://l.cztvcloud.com/channels/lantian/SXcangnan1/720p.m3u8;http://l.cztvcloud.com/channels/lantian/SXcangnan1/720p.m3u8zzhed, IPv_Type: ipv4, Location: 中国-上海-上海, ISP: 电信, Date: None, Delay: 3398 ms, Speed: 0.67 M/s, Resolution: 1920x1080
Name: 缙云综合, URL: http://l.cztvcloud.com/channels/lantian/SXjinyun1/720p.m3u8?zzhed, IPv_Type: ipv6, Location: 中国-江苏-常州, ISP: 电信, Date: None, Delay: 3398 ms, Speed: 0.67 M/s, Resolution: 1920x1080
Name: 缙云综合, URL: http://l.cztvcloud.com/channels/lantian/SXjinyun1/720p.m3u8?zzhed&quot;, IPv_Type: ipv6, Location: 中国-江苏-常州, ISP: 电信, Date: None, Delay: 3398 ms, Speed: 0.67 M/s, Resolution: 1920x1080
Name: 缙云新闻综合, URL: http://l.cztvcloud.com/channels/lantian/SXjinyun1/720p.m3u8, IPv_Type: ipv6, Location: 中国-江苏-常州, ISP: 电信, Date: None, Delay: 3398 ms, Speed: 0.67 M/s, Resolution: 1920x1080
Name: 缙云新闻综合, URL: http://l.cztvcloud.com/channels/lantian/SXjinyun1/720p.m3u8?fbl=, IPv_Type: ipv4, Location: 中国-上海-上海, ISP: 电信, Date: None, Delay: 3398 ms, Speed: 0.67 M/s, Resolution: 1920x1080
Name: 绍兴电视台公共, URL: http://live.shaoxing.com.cn/video/s10001-sxtv2/index.m3u8?zzhed#http://live.shaoxing.com.cn/video/s10001-sxtv2/index.m3u8, IPv_Type: ipv4, Location: 中国-浙江-绍兴, ISP: 电信, Date: None, Delay: 12963 ms, Speed: 0.06 M/s, Resolution: 1280x720
Name: 绍兴电视台公共, URL: http://live.shaoxing.com.cn/video/s10001-sxtv2/index.m3u8?zzhed#http://live.shaoxing.com.cn/video/s10001-sxtv2/index.m3u8, IPv_Type: ipv4, Location: 中国-浙江-绍兴, ISP: 电信, Date: None, Delay: 12963 ms, Speed: 0.06 M/s, Resolution: 1280x720
Name: 绍兴新闻综合, URL: http://live.shaoxing.com.cn/video/s10001-sxhb/index.m3u8?zzhed#http://live.shaoxing.com.cn/video/s10001-sxhb/index.m3u8#http://live.shaoxing.com.cn/video/s10001-sxtv1/index.m3u8?zzhed#http://live.shaoxing.com.cn/video/s10001-sxtv1/index.m3u8, IPv_Type: ipv4, Location: 中国-浙江-绍兴, ISP: 电信, Date: None, Delay: 12963 ms, Speed: 0.06 M/s, Resolution: 1280x720
Name: 绍兴新闻综合, URL: http://live.shaoxing.com.cn/video/s10001-sxhb/index.m3u8, IPv_Type: ipv4, Location: 中国-浙江-绍兴, ISP: 电信, Date: None, Delay: 12963 ms, Speed: 0.06 M/s, Resolution: 1280x720
Name: 绍兴文化影院, URL: http://live.shaoxing.com.cn/video/s10001-sxtv3/index.m3u8?zzhed#http://live.shaoxing.com.cn/video/s10001-sxtv3/index.m3u8, IPv_Type: ipv4, Location: 中国-浙江-绍兴, ISP: 电信, Date: None, Delay: 12963 ms, Speed: 0.06 M/s, Resolution: 1280x720
Name: 绍兴文化影院, URL: http://live.shaoxing.com.cn/video/s10001-sxtv3/index.m3u8, IPv_Type: ipv4, Location: 中国-浙江-绍兴, ISP: 电信, Date: None, Delay: 12963 ms, Speed: 0.06 M/s, Resolution: 1280x720
Name: 绍兴文化影院, URL: http://live.shaoxing.com.cn/video/s10001-sxtv3/index.m3u8?zzhed, IPv_Type: ipv4, Location: 中国-浙江-绍兴, ISP: 电信, Date: None, Delay: 12963 ms, Speed: 0.06 M/s, Resolution: 1280x720
Name: 绍兴公共, URL: http://live.shaoxing.com.cn/video/s10001-sxtv2/index.m3u8?zzhed, IPv_Type: ipv4, Location: 中国-浙江-绍兴, ISP: 电信, Date: None, Delay: 12963 ms, Speed: 0.06 M/s, Resolution: 1280x720
Name: 绍兴公共, URL: http://live.shaoxing.com.cn/video/s10001-sxtv2/index.m3u8$山东酒店源-cache:http://47.104.102.192/ZHGXTV/Public/json/live_interface.txt, IPv_Type: ipv4, Location: 中国-浙江-绍兴, ISP: 电信, Date: None, Delay: 12963 ms, Speed: 0.06 M/s, Resolution: 1280x720
Name: 绍兴公共, URL: http://live.shaoxing.com.cn/video/s10001-sxtv2/index.m3u8?zzhed#http://live.shaoxing.com.cn/video/s10001-sxtv2/index.m3u8, IPv_Type: ipv4, Location: 中国-浙江-绍兴, ISP: 电信, Date: None, Delay: 12963 ms, Speed: 0.06 M/s, Resolution: 1280x720
Name: 湖州公共民生, URL: http://hzcm-live.media.hugd.com/1e6b554b9ab74513958c0e1ffe664d22/9acaa7634309494cb29a85eb12136607.m3u8?auth_key=2272900830-9a2389b8bf4e49d580d4ad807423d326-0-ea78a5c7a678c436263582d368f5009e, IPv_Type: ipv4, Location: 中国-上海-上海, ISP: 电信, Date: None, Delay: 1207 ms, Speed: 0.31 M/s, Resolution: 1280x720
Name: 海宁新闻综合, URL: https://p2hs.vzan.com/slowlive/317913155078575177/live.m3u8?zbid=293304&tpid=1708007815, IPv_Type: ipv4, Location: 中国-广东-东莞, ISP: 鹏博士BGP, Date: None, Delay: 994 ms, Speed: 1.09 M/s, Resolution: 1280x720
Name: 海宁新闻综合, URL: https://p2hs.vzan.com/slowlive/317913155078575177/live.m3u8?zbid=293304&tpid=1708007815, IPv_Type: ipv4, Location: 中国-广东-东莞, ISP: 鹏博士BGP, Date: None, Delay: 994 ms, Speed: 1.09 M/s, Resolution: 1280x720
Name: 洞头综合, URL: http://l.cztvcloud.com/channels/lantian/SXdongtou1/720p.m3u8?%E5%85%B3%E6%B3%A8%E5%BE%AE%E4%BF%A1%E5%85%AC%E4%BC%97%E5%8F%B7[%E6%99%B4%E5%9B%AD], IPv_Type: ipv4, Location: 中国-上海-上海, ISP: 电信, Date: None, Delay: 3398 ms, Speed: 0.67 M/s, Resolution: 1920x1080
Name: 洞头综合, URL: http://l.cztvcloud.com/channels/lantian/SXdongtou1/720p.m3u8, IPv_Type: ipv6, Location: 中国-江苏-常州, ISP: 电信, Date: None, Delay: 3398 ms, Speed: 0.67 M/s, Resolution: 1920x1080
Name: 洞头综合, URL: http://l.cztvcloud.com/channels/lantian/SXdongtou1/720p.m3u8?zzhed, IPv_Type: ipv4, Location: 中国-上海-上海, ISP: 电信, Date: None, Delay: 3398 ms, Speed: 0.67 M/s, Resolution: 1920x1080
Name: 永嘉新闻综合, URL: http://l.cztvcloud.com/channels/lantian/SXyongjia1/720p.m3u8, IPv_Type: ipv6, Location: 中国-江苏-常州, ISP: 电信, Date: None, Delay: 3398 ms, Speed: 0.67 M/s, Resolution: 1920x1080
Name: 永嘉新闻综合, URL: http://l.cztvcloud.com/channels/lantian/SXyongjia1/720p.m3u8?zzhed&quot;, IPv_Type: ipv6, Location: 中国-江苏-常州, ISP: 电信, Date: None, Delay: 3398 ms, Speed: 0.67 M/s, Resolution: 1920x1080
Name: 永嘉新闻综合, URL: http://l.cztvcloud.com/channels/lantian/SXyongjia1/720p.m3u8?zzhed, IPv_Type: ipv6, Location: 中国-江苏-常州, ISP: 电信, Date: None, Delay: 3398 ms, Speed: 0.67 M/s, Resolution: 1920x1080
Name: 永嘉新闻综合, URL: http://l.cztvcloud.com/channels/lantian/SXyongjia1/720p.m3u8?zzhed,, IPv_Type: ipv4, Location: 中国-上海-上海, ISP: 电信, Date: None, Delay: 3398 ms, Speed: 0.67 M/s, Resolution: 1920x1080
Name: 武义新闻综合, URL: http://l.cztvcloud.com/channels/lantian/SXwuyi1/720p.m3u8?zzhed\r\n, IPv_Type: ipv4, Location: 中国-上海-上海, ISP: 电信, Date: None, Delay: 3398 ms, Speed: 0.67 M/s, Resolution: 1920x1080
Name: 武义新闻综合, URL: http://l.cztvcloud.com/channels/lantian/SXwuyi1/720p.m3u8, IPv_Type: ipv6, Location: 中国-江苏-常州, ISP: 电信, Date: None, Delay: 3398 ms, Speed: 0.67 M/s, Resolution: 1920x1080
Name: 武义新闻综合, URL: http://l.cztvcloud.com/channels/lantian/SXwuyi1/720p.m3u8?zzhed, IPv_Type: ipv6, Location: 中国-江苏-常州, ISP: 电信, Date: None, Delay: 3398 ms, Speed: 0.67 M/s, Resolution: 1920x1080
Name: 武义新闻综合, URL: http://l.cztvcloud.com/channels/lantian/SXwuyi1/720p.m3u8?zzhed,, IPv_Type: ipv4, Location: 中国-上海-上海, ISP: 电信, Date: None, Delay: 3398 ms, Speed: 0.67 M/s, Resolution: 1920x1080
Name: 松阳综合, URL: http://l.cztvcloud.com/channels/lantian/SXsongyang1/720p.m3u8?zzhed;http://l.cztvcloud.com/channels/lantian/SXsongyang1/720p.m3u8zzhed, IPv_Type: ipv6, Location: 中国-江苏-常州, ISP: 电信, Date: None, Delay: 3398 ms, Speed: 0.67 M/s, Resolution: 1920x1080
Name: 松阳综合, URL: http://l.cztvcloud.com/channels/lantian/SXsongyang1/720p.m3u8?%E5%85%B3%E6%B3%A8%E5%BE%AE%E4%BF%A1%E5%85%AC%E4%BC%97%E5%8F%B7[%E6%99%B4%E5%9B%AD], IPv_Type: ipv4, Location: 中国-上海-上海, ISP: 电信, Date: None, Delay: 3398 ms, Speed: 0.67 M/s, Resolution: 1920x1080
Name: 松阳综合, URL: http://l.cztvcloud.com/channels/lantian/SXsongyang1/720p.m3u8?fbl=, IPv_Type: ipv6, Location: 中国-江苏-常州, ISP: 电信, Date: None, Delay: 3398 ms, Speed: 0.67 M/s, Resolution: 1920x1080
Name: 松阳综合, URL: http://l.cztvcloud.com/channels/lantian/SXsongyang1/720p.m3u8, IPv_Type: ipv6, Location: 中国-江苏-常州, ISP: 电信, Date: None, Delay: 3398 ms, Speed: 0.67 M/s, Resolution: 1920x1080
Name: 松阳新闻综合, URL: http://l.cztvcloud.com/channels/lantian/SXsongyang1/720p.m3u8?fbl=, IPv_Type: ipv6, Location: 中国-江苏-常州, ISP: 电信, Date: None, Delay: 3398 ms, Speed: 0.67 M/s, Resolution: 1920x1080
Name: 普陀电视台, URL: https://l.cztvcloud.com/channels/lantian/SXputuo1/720p.m3u8, IPv_Type: ipv6, Location: 中国-江苏-常州, ISP: 电信, Date: None, Delay: 4550 ms, Speed: 0.88 M/s, Resolution: 1920x1080
Name: 普陀电视台, URL: http://l.cztvcloud.com/channels/lantian/SXputuo1/720p.m3u8?zzhed#http://l.cztvcloud.com/channels/lantian/SXputuo1/720p.m3u8, IPv_Type: ipv6, Location: 中国-江苏-常州, ISP: 电信, Date: None, Delay: 3398 ms, Speed: 0.67 M/s, Resolution: 1920x1080
Name: 普陀新闻综合, URL: http://l.cztvcloud.com/channels/lantian/SXputuo1/720p.m3u8, IPv_Type: ipv6, Location: 中国-江苏-常州, ISP: 电信, Date: None, Delay: 3398 ms, Speed: 0.67 M/s, Resolution: 1920x1080
Name: 普陀新闻综合, URL: http://l.cztvcloud.com/channels/lantian/SXputuo1/720p.m3u8?zzhed, IPv_Type: ipv6, Location: 中国-江苏-常州, ISP: 电信, Date: None, Delay: 3398 ms, Speed: 0.67 M/s, Resolution: 1920x1080
Name: 普陀新闻综合, URL: http://l.cztvcloud.com/channels/lantian/SXputuo1/720p.m3u8?%E5%85%B3%E6%B3%A8%E5%BE%AE%E4%BF%A1%E5%85%AC%E4%BC%97%E5%8F%B7[%E6%99%B4%E5%9B%AD], IPv_Type: ipv4, Location: 中国-上海-上海, ISP: 电信, Date: None, Delay: 3398 ms, Speed: 0.67 M/s, Resolution: 1920x1080
Name: 新昌生活, URL: http://l.cztvcloud.com/channels/lantian/SXxinchang2/720p.m3u8, IPv_Type: ipv6, Location: 中国-江苏-常州, ISP: 电信, Date: None, Delay: 3398 ms, Speed: 0.67 M/s, Resolution: 1920x1080
Name: 新昌新闻综合, URL: https://l.cztvcloud.com/channels/lantian/SXxinchang1/720p.m3u8, IPv_Type: ipv6, Location: 中国-江苏-常州, ISP: 电信, Date: None, Delay: 4550 ms, Speed: 0.88 M/s, Resolution: 1920x1080
Name: 新昌新闻综合, URL: http://l.cztvcloud.com/channels/lantian/SXxinchang1/720p.m3u8, IPv_Type: ipv6, Location: 中国-江苏-常州, ISP: 电信, Date: None, Delay: 3398 ms, Speed: 0.67 M/s, Resolution: 1920x1080
Name: 新昌新闻综合, URL: http://l.cztvcloud.com/channels/lantian/SXxinchang1/720p.m3u8$山东酒店源-cache:http://47.104.102.192/ZHGXTV/Public/json/live_interface.txt, IPv_Type: ipv4, Location: 中国-上海-上海, ISP: 电信, Date: None, Delay: 3398 ms, Speed: 0.67 M/s, Resolution: 1920x1080
Name: 文成综合, URL: http://l.cztvcloud.com/channels/lantian/SXwencheng1/720p.m3u8, IPv_Type: ipv6, Location: 中国-江苏-常州, ISP: 电信, Date: None, Delay: 3398 ms, Speed: 0.67 M/s, Resolution: 1920x1080
Name: 文成综合, URL: http://l.cztvcloud.com/channels/lantian/SXwencheng1/720p.m3u8?fbl=, IPv_Type: ipv6, Location: 中国-江苏-常州, ISP: 电信, Date: None, Delay: 3398 ms, Speed: 0.67 M/s, Resolution: 1920x1080
Name: 文成综合, URL: http://l.cztvcloud.com/channels/lantian/SXwencheng1/720p.m3u8?zzhed, IPv_Type: ipv6, Location: 中国-江苏-常州, ISP: 电信, Date: None, Delay: 3398 ms, Speed: 0.67 M/s, Resolution: 1920x1080
Name: 文成综合, URL: http://l.cztvcloud.com/channels/lantian/SXwencheng1/720p.m3u8#http://l.cztvcloud.com/channels/lantian/SXwencheng1/720p.m3u8?zzhed, IPv_Type: ipv4, Location: 中国-上海-上海, ISP: 电信, Date: None, Delay: 3398 ms, Speed: 0.67 M/s, Resolution: 1920x1080
Name: 文成新闻综合, URL: http://l.cztvcloud.com/channels/lantian/SXwencheng1/720p.m3u8, IPv_Type: ipv6, Location: 中国-江苏-常州, ISP: 电信, Date: None, Delay: 3398 ms, Speed: 0.67 M/s, Resolution: 1920x1080
Name: 文成新闻综合, URL: http://l.cztvcloud.com/channels/lantian/SXwencheng1/720p.m3u8?fbl=, IPv_Type: ipv4, Location: 中国-上海-上海, ISP: 电信, Date: None, Delay: 3398 ms, Speed: 0.67 M/s, Resolution: 1920x1080
Name: 数码时代, URL: http://ali-m-l.cztv.com/channels/lantian/channel12/720p.m3u8?zzhed, IPv_Type: ipv6, Location: 中国-广西-防城港, ISP: 电信, Date: None, Delay: 1421 ms, Speed: 0.49 M/s, Resolution: 1920x1080
Name: 开化新闻综合, URL: http://l.cztvcloud.com/channels/lantian/SXkaihua1/720p.m3u8?zzhed, IPv_Type: ipv6, Location: 中国-江苏-常州, ISP: 电信, Date: None, Delay: 3398 ms, Speed: 0.67 M/s, Resolution: 1920x1080
Name: 开化国家公园, URL: http://l.cztvcloud.com/channels/lantian/SXkaihua2/720p.m3u8?zzhed#http://l.cztvcloud.com/channels/lantian/SXkaihua2/720p.m3u8zzhed#http://l.cztvcloud.com/channels/lantian/SXkaihua2/720p.m3u8, IPv_Type: ipv4, Location: 中国-上海-上海, ISP: 电信, Date: None, Delay: 3398 ms, Speed: 0.67 M/s, Resolution: 1920x1080
Name: 开化国家公园, URL: http://l.cztvcloud.com/channels/lantian/SXkaihua2/720p.m3u8zzhed, IPv_Type: ipv4, Location: 中国-上海-上海, ISP: 电信, Date: None, Delay: 3398 ms, Speed: 0.67 M/s, Resolution: 1920x1080
Name: 开化国家公园, URL: http://l.cztvcloud.com/channels/lantian/SXkaihua2/720p.m3u8, IPv_Type: ipv4, Location: 中国-上海-上海, ISP: 电信, Date: None, Delay: 3398 ms, Speed: 0.67 M/s, Resolution: 1920x1080
Name: 庆元综合, URL: http://l.cztvcloud.com/channels/lantian/SXqingyuan1/720p.m3u8, IPv_Type: ipv6, Location: 中国-江苏-常州, ISP: 电信, Date: None, Delay: 3398 ms, Speed: 0.67 M/s, Resolution: 1920x1080
Name: 庆元综合, URL: http://l.cztvcloud.com/channels/lantian/SXqingyuan1/720p.m3u8?zzhed, IPv_Type: ipv6, Location: 中国-江苏-常州, ISP: 电信, Date: None, Delay: 3398 ms, Speed: 0.67 M/s, Resolution: 1920x1080
Name: 庆元综合, URL: http://l.cztvcloud.com/channels/lantian/SXqingyuan1/720p.m3u8?fbl=, IPv_Type: ipv6, Location: 中国-江苏-常州, ISP: 电信, Date: None, Delay: 3398 ms, Speed: 0.67 M/s, Resolution: 1920x1080
Name: 庆元综合, URL: http://l.cztvcloud.com/channels/lantian/SXqingyuan1/720p.m3u8?%E5%85%B3%E6%B3%A8%E5%BE%AE%E4%BF%A1%E5%85%AC%E4%BC%97%E5%8F%B7[%E6%99%B4%E5%9B%AD], IPv_Type: ipv6, Location: 中国-江苏-常州, ISP: 电信, Date: None, Delay: 3398 ms, Speed: 0.67 M/s, Resolution: 1920x1080
Name: 庆元综合, URL: http://l.cztvcloud.com/channels/lantian/SXqingyuan1/720p.m3u8?zzhed[浙江]洞头综合频道, IPv_Type: ipv4, Location: 中国-上海-上海, ISP: 电信, Date: None, Delay: 3398 ms, Speed: 0.67 M/s, Resolution: 1920x1080
Name: 庆元新闻综合, URL: http://l.cztvcloud.com/channels/lantian/SXqingyuan1/720p.m3u8?fbl=, IPv_Type: ipv6, Location: 中国-江苏-常州, ISP: 电信, Date: None, Delay: 3398 ms, Speed: 0.67 M/s, Resolution: 1920x1080
Name: 平湖民生休闲, URL: http://l.cztvcloud.com/channels/lantian/SXpinghu2/720p.m3u8?zzhed, IPv_Type: ipv6, Location: 中国-江苏-常州, ISP: 电信, Date: None, Delay: 3398 ms, Speed: 0.67 M/s, Resolution: 1920x1080
Name: 平湖民生休闲, URL: http://l.cztvcloud.com/channels/lantian/SXpinghu2/720p.m3u8?zzhed#http://l.cztvcloud.com/channels/lantian/SXpinghu2/720p.m3u8, IPv_Type: ipv4, Location: 中国-上海-上海, ISP: 电信, Date: None, Delay: 3398 ms, Speed: 0.67 M/s, Resolution: 1920x1080
Name: 平湖新闻综合, URL: http://l.cztvcloud.com/channels/lantian/SXpinghu1/720p.m3u8?zzhed, IPv_Type: ipv6, Location: 中国-江苏-常州, ISP: 电信, Date: None, Delay: 3398 ms, Speed: 0.67 M/s, Resolution: 1920x1080
Name: 平湖新闻综合, URL: http://l.cztvcloud.com/channels/lantian/SXpinghu1/720p.m3u8?cWlkPSZzPTg3OWMwYmMyZDMzYTFhZGY3NDQxMjgyYTg1MmUzNTY0JmVzPTE3MDY2Nzc4NzMmdXVpZD0yMjdiY2MzNGNiNGY0MThlYjRiY2IxYzcwNmZjODNkMS02NzQ3NDY2NyZ2PTImYXM9MCZjZG5leF9pZD10eF9waG9uZV9saXZl, IPv_Type: ipv4, Location: 中国-上海-上海, ISP: 电信, Date: None, Delay: 3398 ms, Speed: 0.67 M/s, Resolution: 1920x1080
Name: 嵊泗综合, URL: http://l.cztvcloud.com/channels/lantian/SXshengsi1/720p.m3u8, IPv_Type: ipv6, Location: 中国-江苏-常州, ISP: 电信, Date: None, Delay: 3398 ms, Speed: 0.67 M/s, Resolution: 1920x1080
Name: 嵊泗综合, URL: http://l.cztvcloud.com/channels/lantian/SXshengzhou1/720p.m3u8?zzhed, IPv_Type: ipv4, Location: 中国-上海-上海, ISP: 电信, Date: None, Delay: 3398 ms, Speed: 0.67 M/s, Resolution: 1920x1080
Name: 嵊泗新闻综合, URL: http://l.cztvcloud.com/channels/lantian/SXshengsi1/720p.m3u8, IPv_Type: ipv6, Location: 中国-江苏-常州, ISP: 电信, Date: None, Delay: 3398 ms, Speed: 0.67 M/s, Resolution: 1920x1080
Name: 嵊州新闻综合, URL: http://l.cztvcloud.com/channels/lantian/SXshengzhou1/720p.m3u8?zzhed#http://l.cztvcloud.com/channels/lantian/SXshengzhou1/720p.m3u8, IPv_Type: ipv6, Location: 中国-江苏-常州, ISP: 电信, Date: None, Delay: 3398 ms, Speed: 0.67 M/s, Resolution: 1920x1080
Name: 嵊州新闻综合, URL: http://l.cztvcloud.com/channels/lantian/SXshengzhou1/720p.m3u8$山东酒店源-cache:http://47.104.102.192/ZHGXTV/Public/json/live_interface.txt, IPv_Type: ipv4, Location: 中国-上海-上海, ISP: 电信, Date: None, Delay: 3398 ms, Speed: 0.67 M/s, Resolution: 1920x1080
Name: 兰溪新闻综合, URL: http://l.cztvcloud.com/channels/lantian/SXlanxi1/720p.m3u8, IPv_Type: ipv6, Location: 中国-江苏-常州, ISP: 电信, Date: None, Delay: 3398 ms, Speed: 0.67 M/s, Resolution: 1920x1080
Name: 兰溪新闻综合, URL: http://l.cztvcloud.com/channels/lantian/SXlanxi1/720p.m3u8?zzhed, IPv_Type: ipv6, Location: 中国-江苏-常州, ISP: 电信, Date: None, Delay: 3398 ms, Speed: 0.67 M/s, Resolution: 1920x1080
Name: 兰溪新闻综合, URL: http://l.cztvcloud.com/channels/lantian/SXlanxi1/720p.m3u8?zzhed#http://l.cztvcloud.com/channels/lantian/SXlanxi1/720p.m3u8, IPv_Type: ipv4, Location: 中国-上海-上海, ISP: 电信, Date: None, Delay: 3398 ms, Speed: 0.67 M/s, Resolution: 1920x1080
Name: 余杭综合, URL: http://l.cztvcloud.com/channels/lantian/SXyuhang1/720p.m3u8?cWlkPSZzPTg3OWMwYmMyZDMzYTFhZGY3NDQxMjgyYTg1MmUzNTY0JmVzPTE3MDY2Nzc4NzMmdXVpZD0yMjdiY2MzNGNiNGY0MThlYjRiY2IxYzcwNmZjODNkMS02NzQ3NDY2NyZ2PTImYXM9MCZjZG5leF9pZD10eF9waG9uZV9saXZl, IPv_Type: ipv6, Location: 中国-江苏-常州, ISP: 电信, Date: None, Delay: 3398 ms, Speed: 0.67 M/s, Resolution: 1920x1080
Name: 余杭综合, URL: http://l.cztvcloud.com/channels/lantian/SXyuhang1/720p.m3u8, IPv_Type: ipv6, Location: 中国-江苏-常州, ISP: 电信, Date: None, Delay: 3398 ms, Speed: 0.67 M/s, Resolution: 1920x1080
Name: 余杭未来E, URL: http://l.cztvcloud.com/channels/lantian/SXyuhang3/720p.m3u8, IPv_Type: ipv6, Location: 中国-江苏-常州, ISP: 电信, Date: None, Delay: 3398 ms, Speed: 0.67 M/s, Resolution: 1920x1080
Name: 余杭未来E, URL: http://l.cztvcloud.com/channels/lantian/SXyuhang3/720p.m3u8?zzhed, IPv_Type: ipv4, Location: 中国-上海-上海, ISP: 电信, Date: None, Delay: 3398 ms, Speed: 0.67 M/s, Resolution: 1920x1080
Name: 余姚综合, URL: https://l.cztvcloud.com/channels/lantian/SXyuyao1/720p.m3u8, IPv_Type: ipv6, Location: 中国-江苏-常州, ISP: 电信, Date: None, Delay: 4550 ms, Speed: 0.88 M/s, Resolution: 1920x1080
Name: 余姚综合, URL: http://l.cztvcloud.com/channels/lantian/SXyuyao1/720p.m3u8, IPv_Type: ipv6, Location: 中国-江苏-常州, ISP: 电信, Date: None, Delay: 3398 ms, Speed: 0.67 M/s, Resolution: 1920x1080
Name: 余姚综合, URL: http://l.cztvcloud.com/channels/lantian/SXyuyao1/720p.m3u8?cWlkPSZzPTg3OWMwYmMyZDMzYTFhZGY3NDQxMjgyYTg1MmUzNTY0JmVzPTE3MDY2Nzc4NzMmdXVpZD0yMjdiY2MzNGNiNGY0MThlYjRiY2IxYzcwNmZjODNkMS02NzQ3NDY2NyZ2PTImYXM9MCZjZG5leF9pZD10eF9waG9uZV9saXZl, IPv_Type: ipv6, Location: 中国-江苏-常州, ISP: 电信, Date: None, Delay: 3398 ms, Speed: 0.67 M/s, Resolution: 1920x1080
Name: 余姚综合, URL: http://l.cztvcloud.com/channels/lantian/SXyuyao1/720p.m3u8?%E5%85%B3%E6%B3%A8%E5%BE%AE%E4%BF%A1%E5%85%AC%E4%BC%97%E5%8F%B7[%E6%99%B4%E5%9B%AD], IPv_Type: ipv6, Location: 中国-江苏-常州, ISP: 电信, Date: None, Delay: 3398 ms, Speed: 0.67 M/s, Resolution: 1920x1080
Name: 余姚综合, URL: http://l.cztvcloud.com/channels/lantian/SXyuyao1/720p.m3u8?zzhed, IPv_Type: ipv4, Location: 中国-上海-上海, ISP: 电信, Date: None, Delay: 3398 ms, Speed: 0.67 M/s, Resolution: 1920x1080
Name: 余姚新闻综合, URL: https://l.cztvcloud.com/channels/lantian/SXyuyao1/720p.m3u8, IPv_Type: ipv6, Location: 中国-江苏-常州, ISP: 电信, Date: None, Delay: 4550 ms, Speed: 0.88 M/s, Resolution: 1920x1080
Name: 余姚新闻综合, URL: http://l.cztvcloud.com/channels/lantian/SXyuyao1/720p.m3u8$山东酒店源-cache:http://47.104.102.192/ZHGXTV/Public/json/live_interface.txt, IPv_Type: ipv4, Location: 中国-上海-上海, ISP: 电信, Date: None, Delay: 3398 ms, Speed: 0.67 M/s, Resolution: 1920x1080
Name: 余姚新闻综合, URL: http://l.cztvcloud.com/channels/lantian/SXyuyao1/720p.m3u8?cWlkPSZzPTg3OWMwYmMyZDMzYTFhZGY3NDQxMjgyYTg1MmUzNTY0JmVzPTE3MDY2Nzc4NzMmdXVpZD0yMjdiY2MzNGNiNGY0MThlYjRiY2IxYzcwNmZjODNkMS02NzQ3NDY2NyZ2PTImYXM9MCZjZG5leF9pZD10eF9waG9uZV9saXZl, IPv_Type: ipv4, Location: 中国-上海-上海, ISP: 电信, Date: None, Delay: 3398 ms, Speed: 0.67 M/s, Resolution: 1920x1080
Name: 余姚姚江文化, URL: https://l.cztvcloud.com/channels/lantian/SXyuyao3/720p.m3u8, IPv_Type: ipv6, Location: 中国-江苏-常州, ISP: 电信, Date: None, Delay: 4550 ms, Speed: 0.88 M/s, Resolution: 1920x1080
Name: 余姚姚江文化, URL: https://l.cztvcloud.com/channels/lantian/SXyuyao2/720p.m3u8, IPv_Type: ipv6, Location: 中国-江苏-常州, ISP: 电信, Date: None, Delay: 4550 ms, Speed: 0.88 M/s, Resolution: 1920x1080
Name: 余姚姚江文化, URL: http://l.cztvcloud.com/channels/lantian/SXyuyao3/720p.m3u8zzhed, IPv_Type: ipv6, Location: 中国-江苏-常州, ISP: 电信, Date: None, Delay: 3398 ms, Speed: 0.67 M/s, Resolution: 1920x1080
Name: 余姚姚江文化, URL: http://l.cztvcloud.com/channels/lantian/SXyuyao2/720p.m3u8$山东酒店源-cache:http://47.104.102.192/ZHGXTV/Public/json/live_interface.txt, IPv_Type: ipv4, Location: 中国-上海-上海, ISP: 电信, Date: None, Delay: 3398 ms, Speed: 0.67 M/s, Resolution: 1920x1080
Name: 余姚姚江文化, URL: http://l.cztvcloud.com/channels/lantian/SXyuyao3/720p.m3u8?zzhed#http://l.cztvcloud.com/channels/lantian/SXyuyao3/720p.m3u8zzhed, IPv_Type: ipv4, Location: 中国-上海-上海, ISP: 电信, Date: None, Delay: 3398 ms, Speed: 0.67 M/s, Resolution: 1920x1080
Name: 云和新闻综合, URL: http://l.cztvcloud.com/channels/lantian/SXyunhe1/720p.m3u8, IPv_Type: ipv6, Location: 中国-江苏-常州, ISP: 电信, Date: None, Delay: 3398 ms, Speed: 0.67 M/s, Resolution: 1920x1080
Name: 云和新闻综合, URL: http://l.cztvcloud.com/channels/lantian/SXyunhe1/720p.m3u8?zzhed, IPv_Type: ipv4, Location: 中国-上海-上海, ISP: 电信, Date: None, Delay: 3398 ms, Speed: 0.67 M/s, Resolution: 1920x1080
Name: 中国蓝新闻, URL: https://ali-m-l.cztv.com/channels/lantian/channel009/1080p.m3u8, IPv_Type: ipv6, Location: 中国-广西-防城港, ISP: 电信, Date: None, Delay: 2054 ms, Speed: 0.93 M/s, Resolution: 1920x1080
Name: 中国蓝新闻, URL: http://ali-m-l.cztv.com/channels/lantian/channel009/1080p.m3u8, IPv_Type: ipv6, Location: 中国-广西-防城港, ISP: 电信, Date: None, Delay: 1421 ms, Speed: 0.49 M/s, Resolution: 1920x1080
Name: 东阳影视生活, URL: http://l.cztvcloud.com/channels/lantian/SXdongyang1/720p.m3u8, IPv_Type: ipv6, Location: 中国-江苏-常州, ISP: 电信, Date: None, Delay: 3398 ms, Speed: 0.67 M/s, Resolution: 1920x1080
Name: 上虞新闻综合, URL: http://l.cztvcloud.com/channels/lantian/SXshangyu1/720p.m3u8?zzhed, IPv_Type: ipv6, Location: 中国-江苏-常州, ISP: 电信, Date: None, Delay: 3398 ms, Speed: 0.67 M/s, Resolution: 1920x1080
Name: 上虞新闻综合, URL: http://l.cztvcloud.com/channels/lantian/SXshangyu1/720p.m3u8$山东酒店源-cache:http://47.104.102.192/ZHGXTV/Public/json/live_interface.txt, IPv_Type: ipv4, Location: 中国-上海-上海, ISP: 电信, Date: None, Delay: 3398 ms, Speed: 0.67 M/s, Resolution: 1920x1080
Name: 上虞新闻综合, URL: http://l.cztvcloud.com/channels/lantian/SXshangyu1/720p.m3u8?cWlkPSZzPTg3OWMwYmMyZDMzYTFhZGY3NDQxMjgyYTg1MmUzNTY0JmVzPTE3MDY2Nzc4NzMmdXVpZD0yMjdiY2MzNGNiNGY0MThlYjRiY2IxYzcwNmZjODNkMS02NzQ3NDY2NyZ2PTImYXM9MCZjZG5leF9pZD10eF9waG9uZV9saXZl, IPv_Type: ipv4, Location: 中国-上海-上海, ISP: 电信, Date: None, Delay: 3398 ms, Speed: 0.67 M/s, Resolution: 1920x1080
Name: 上虞新商都, URL: http://l.cztvcloud.com/channels/lantian/SXshangyu3/720p.m3u8?zzhed\r\n, IPv_Type: ipv4, Location: 中国-上海-上海, ISP: 电信, Date: None, Delay: 3398 ms, Speed: 0.67 M/s, Resolution: 1920x1080
Name: 上虞新商都, URL: http://l.cztvcloud.com/channels/lantian/SXshangyu3/720p.m3u8, IPv_Type: ipv6, Location: 中国-江苏-常州, ISP: 电信, Date: None, Delay: 3398 ms, Speed: 0.67 M/s, Resolution: 1920x1080
Name: 上虞新商都, URL: http://l.cztvcloud.com/channels/lantian/SXshangyu3/720p.m3u8$山东酒店源-cache:http://47.104.102.192/ZHGXTV/Public/json/live_interface.txt, IPv_Type: ipv4, Location: 中国-上海-上海, ISP: 电信, Date: None, Delay: 3398 ms, Speed: 0.67 M/s, Resolution: 1920x1080
Name: 上虞新商都, URL: http://l.cztvcloud.com/channels/lantian/SXshangyu3/720p.m3u8?zzhed, IPv_Type: ipv4, Location: 中国-上海-上海, ISP: 电信, Date: None, Delay: 3398 ms, Speed: 0.67 M/s, Resolution: 1920x1080
Name: 上虞文化影院, URL: http://l.cztvcloud.com/channels/lantian/SXshangyu2/720p.m3u8?zzhed;http://l.cztvcloud.com/channels/lantian/SXshangyu2/720p.m3u8zzhed, IPv_Type: ipv6, Location: 中国-江苏-常州, ISP: 电信, Date: None, Delay: 3398 ms, Speed: 0.67 M/s, Resolution: 1920x1080
Name: 上虞文化影院, URL: http://l.cztvcloud.com/channels/lantian/SXshangyu2/720p.m3u8, IPv_Type: ipv6, Location: 中国-江苏-常州, ISP: 电信, Date: None, Delay: 3398 ms, Speed: 0.67 M/s, Resolution: 1920x1080
Name: 上虞文化影视, URL: http://l.cztvcloud.com/channels/lantian/SXshangyu2/720p.m3u8, IPv_Type: ipv6, Location: 中国-江苏-常州, ISP: 电信, Date: None, Delay: 3398 ms, Speed: 0.67 M/s, Resolution: 1920x1080
Name: 北京卡酷少儿, URL: http://218.13.170.98:9901/tsfile/live/1021_1.m3u8, IPv_Type: ipv4, Location: 中国-广东-佛山, ISP: 电信, Date: None, Delay: 12552 ms, Speed: 0.14 M/s, Resolution: 720x576
Name: 北京卡酷少儿, URL: http://218.13.170.98:9901/tsfile/live/1021_1.m3u8, IPv_Type: ipv4, Location: 中国-广东-佛山, ISP: 电信, Date: None, Delay: 12552 ms, Speed: 0.14 M/s, Resolution: 720x576
Name: 北京卡酷少儿, URL: http://58.57.40.22:9901/tsfile/live/1060_1.m3u8, IPv_Type: ipv4, Location: 中国-山东-临沂, ISP: 电信, Date: None, Delay: 12483 ms, Speed: 0.00 M/s, Resolution: None
Name: 北京卡酷少儿, URL: http://58.57.40.22:9901/tsfile/live/1060_1.m3u8, IPv_Type: ipv4, Location: 中国-山东-临沂, ISP: 电信, Date: None, Delay: 12483 ms, Speed: 0.00 M/s, Resolution: None
Name: 北京新闻, URL: http://satellitepull.cnr.cn/live/wxbjxwgb/playlist.m3u8, IPv_Type: ipv4, Location: 美国-德克萨斯州-达拉斯, ISP: 网宿科技CDN节点, Date: None, Delay: 6 ms, Speed: 16.96 M/s, Resolution: None
Name: 北京新闻, URL: https://satellitepull.cnr.cn/live/wxbjxwgb/playlist.m3u8, IPv_Type: ipv4, Location: 美国-德克萨斯州-达拉斯, ISP: 网宿科技CDN节点, Date: None, Delay: 11 ms, Speed: 11.21 M/s, Resolution: None
Name: 北京新闻, URL: https://brtv-radiolive.rbc.cn/alive/fm945.m3u8, IPv_Type: ipv6, Location: 中国-广东-广州, ISP: 电信, Date: None, Delay: 2143 ms, Speed: 0.01 M/s, Resolution: 1920x1080
Name: 北京新闻, URL: https://brtv-radiolive.rbc.cn/alive/fm945.m3u8, IPv_Type: ipv6, Location: 中国-广东-广州, ISP: 电信, Date: None, Delay: 2143 ms, Speed: 0.01 M/s, Resolution: 1920x1080
Name: 北京生活, URL: https://wstvcpudali.v.myalicdn.com/wstvcpud/udrmbtv7_1/index.m3u8?adapt=0&BR=audio, IPv_Type: ipv4, Location: 中国-上海-上海, ISP: 电信, Date: None, Delay: 1259 ms, Speed: 0.08 M/s, Resolution: None
Name: 北京生活, URL: https://wstvcpudali.v.myalicdn.com/wstvcpud/udrmbtv7_1/index.m3u8?adapt=0&BR=audio, IPv_Type: ipv4, Location: 中国-上海-上海, ISP: 电信, Date: None, Delay: 1259 ms, Speed: 0.08 M/s, Resolution: None
Name: 北京财经, URL: https://wstvcpudali.v.myalicdn.com/wstvcpud/udrmbtv5_1/index.m3u8?adapt=0&BR=audio, IPv_Type: ipv4, Location: 中国-上海-上海, ISP: 电信, Date: None, Delay: 1259 ms, Speed: 0.08 M/s, Resolution: None
Name: 七彩戏剧, URL: http://php.jdshipin.com/itv6s.php?cid=bestzb&id=5000000011000031116, IPv_Type: ipv6, Location: 美国, ISP: CloudFlare Inc., Date: None, Delay: 2820 ms, Speed: 0.49 M/s, Resolution: 1920x1080
Name: 上海第一财经, URL: https://satellitepull.cnr.cn/live/wx32dycjgb/playlist.m3u8, IPv_Type: ipv4, Location: 美国-德克萨斯州-达拉斯, ISP: 网宿科技CDN节点, Date: None, Delay: 11 ms, Speed: 11.21 M/s, Resolution: None
Name: 上海纪实, URL: http://php.jdshipin.com/TVOD/hnyd.php?id=200000001898/460000089800010067, IPv_Type: ipv6, Location: 美国, ISP: CloudFlare Inc., Date: None, Delay: 2820 ms, Speed: 0.49 M/s, Resolution: 1920x1080
Name: 东方影视, URL: http://php.jdshipin.com:8880/itv6.php?cid=bestzb&id=5000000010000032212, IPv_Type: ipv6, Location: 美国, ISP: CloudFlare Inc., Date: None, Delay: 2820 ms, Speed: 0.49 M/s, Resolution: 1920x1080
Name: 动漫秀场, URL: http://php.jdshipin.com/itv6.php?cid=bestzb&id=5000000011000031113, IPv_Type: ipv6, Location: 美国, ISP: CloudFlare Inc., Date: None, Delay: 2820 ms, Speed: 0.49 M/s, Resolution: 1920x1080
Name: 哈哈炫动, URL: http://php.jdshipin.com/TVOD/hnyd.php?id=200000001898/460000089800010117, IPv_Type: ipv6, Location: 美国, ISP: CloudFlare Inc., Date: None, Delay: 2820 ms, Speed: 0.49 M/s, Resolution: 1920x1080
Name: 法治天地, URL: http://php.jdshipin.com/itv6.php?cid=bestzb&id=9001547084732463424, IPv_Type: ipv6, Location: 美国, ISP: CloudFlare Inc., Date: None, Delay: 2820 ms, Speed: 0.49 M/s, Resolution: 1920x1080
Name: 第一财经, URL: http://satellitepull.cnr.cn/live/wx32dycjgb/playlist.m3u8, IPv_Type: ipv4, Location: 美国-德克萨斯州-达拉斯, ISP: 网宿科技CDN节点, Date: None, Delay: 6 ms, Speed: 16.96 M/s, Resolution: None
Name: 第一财经, URL: https://satellitepull.cnr.cn/live/wx32dycjgb/playlist.m3u8, IPv_Type: ipv4, Location: 美国-德克萨斯州-达拉斯, ISP: 网宿科技CDN节点, Date: None, Delay: 11 ms, Speed: 11.21 M/s, Resolution: None
Name: 第一财经, URL: http://a1live.livecdn.yicai.com/live/radio_tv.m3u8, IPv_Type: ipv4, Location: 中国-上海-上海, ISP: 电信, Date: None, Delay: 497 ms, Speed: 0.08 M/s, Resolution: None
Name: 第一财经, URL: http://a1live.livecdn.yicai.com/live/radio_tv.m3u8, IPv_Type: ipv4, Location: 中国-上海-上海, ISP: 电信, Date: None, Delay: 497 ms, Speed: 0.08 M/s, Resolution: None
Name: 第一财经, URL: http://ls.qingting.fm/live/276.m3u8, IPv_Type: ipv6, Location: 中国-广东-东莞, ISP: 电信, Date: None, Delay: 1320 ms, Speed: 0.04 M/s, Resolution: 1920x1080
Name: 第一财经, URL: http://ls.qingting.fm/live/276.m3u8, IPv_Type: ipv6, Location: 中国-广东-东莞, ISP: 电信, Date: None, Delay: 1320 ms, Speed: 0.04 M/s, Resolution: 1920x1080
Name: 都市剧场, URL: https://satellitepull.cnr.cn/live/wxcqxwgb/playlist.m3u8, IPv_Type: ipv4, Location: 美国-华盛顿州-金, ISP: 网宿CDN西雅图节点, Date: None, Delay: 11 ms, Speed: 11.21 M/s, Resolution: None
Name: 垫江综合, URL: rtmp://play-sh.quklive.com/live/1672366847646284, IPv_Type: ipv4, Location: 美国-科罗拉多州-布鲁姆菲尔德, ISP: Level3, Date: None, Delay: -1 ms, Speed: inf M/s, Resolution: 1920x1080
Name: 重庆新闻, URL: https://satellitepull.cnr.cn/live/wxcqxwgb/playlist.m3u8, IPv_Type: ipv4, Location: 美国-德克萨斯州-达拉斯, ISP: 网宿科技CDN节点, Date: None, Delay: 11 ms, Speed: 11.21 M/s, Resolution: None
Name: 优漫卡通, URL: http://php.jdshipin.com/TVOD/hnyd.php?id=200000001898/460000089800010118, IPv_Type: ipv6, Location: 美国, ISP: CloudFlare Inc., Date: None, Delay: 2820 ms, Speed: 0.49 M/s, Resolution: 1920x1080
Name: 六合新闻综合, URL: http://p2hs.vzan.com/720020/432453820030502236/live.m3u8, IPv_Type: ipv4, Location: 中国-广东-东莞, ISP: 鹏博士BGP, Date: None, Delay: 293 ms, Speed: 2.31 M/s, Resolution: 1280x720
Name: 六合新闻综合, URL: http://p2hs.vzan.com/720020/432453820030502236/live.m3u8, IPv_Type: ipv4, Location: 中国-广东-东莞, ISP: 鹏博士BGP, Date: None, Delay: 293 ms, Speed: 2.31 M/s, Resolution: 1280x720
Name: 句容党建, URL: http://jrlive.jrntv.com/live/_definst_/dangjians/playlist.m3u8?%E5%85%B3%E6%B3%A8%E5%BE%AE%E4%BF%A1%E5%85%AC%E4%BC%97%E5%8F%B7[%E6%99%B4%E5%9B%AD], IPv_Type: ipv4, Location: 中国-广西, ISP: 电信, Date: None, Delay: 1507 ms, Speed: 0.67 M/s, Resolution: 720x576
Name: 句容党建, URL: http://jrlive.jrntv.com/live/_definst_/dangjians/playlist.m3u8?%E5%85%B3%E6%B3%A8%E5%BE%AE%E4%BF%A1%E5%85%AC%E4%BC%97%E5%8F%B7[%E6%99%B4%E5%9B%AD], IPv_Type: ipv4, Location: 中国-广西, ISP: 电信, Date: None, Delay: 1507 ms, Speed: 0.67 M/s, Resolution: 720x576
Name: 句容影院, URL: http://jrlive.jrntv.com/live/_definst_/yingshis/chunklist_w1994429382.m3u8?zjiangsd, IPv_Type: ipv4, Location: 中国-广西, ISP: 电信, Date: None, Delay: 1507 ms, Speed: 0.67 M/s, Resolution: 720x576
Name: 句容新闻综合, URL: http://jrlive.jrntv.com/live/_definst_/jrxwzhs/playlist.m3u8#http://jrlive.jrntv.com/live/_definst_/jrxwzhs/playlist.m3u8?zjiangsd, IPv_Type: ipv4, Location: 中国-湖北-武汉, ISP: 电信, Date: None, Delay: 1507 ms, Speed: 0.67 M/s, Resolution: 720x576
Name: 句容生活, URL: http://jrlive.jrntv.com/live/_definst_/shenghuos/playlist.m3u8?%E5%85%B3%E6%B3%A8%E5%BE%AE%E4%BF%A1%E5%85%AC%E4%BC%97%E5%8F%B7[%E6%99%B4%E5%9B%AD], IPv_Type: ipv4, Location: 中国-广西, ISP: 电信, Date: None, Delay: 1507 ms, Speed: 0.67 M/s, Resolution: 720x576
Name: 宜兴新闻, URL: https://yixing-tv-ori-hls.jstv.com/yixing-tv-ori/yixing_xw.m3u8, IPv_Type: ipv4, Location: 美国, ISP: , Date: None, Delay: 323 ms, Speed: 2.93 M/s, Resolution: 1280x720
Name: 宜兴新闻, URL: https://yixing-tv-ori-hls.jstv.com/yixing-tv-ori/yixing_xw.m3u8, IPv_Type: ipv4, Location: 美国, ISP: , Date: None, Delay: 323 ms, Speed: 2.93 M/s, Resolution: 1280x720
Name: 宜兴新闻, URL: http://yixing-tv-ori-hls.jstv.com/yixing-tv-ori/yixing_xw.m3u8?zjiangsd, IPv_Type: ipv4, Location: 美国, ISP: , Date: None, Delay: 1229 ms, Speed: 1.85 M/s, Resolution: 1280x720
Name: 宜兴新闻, URL: http://yixing-tv-ori-hls.jstv.com/yixing-tv-ori/yixing_xw.m3u8?zjiangsd, IPv_Type: ipv4, Location: 美国, ISP: , Date: None, Delay: 1229 ms, Speed: 1.85 M/s, Resolution: 1280x720
Name: 宜兴新闻, URL: http://yixing-tv-ori-hls.jstv.com/yixing-tv-ori/yixing_xw.m3u8, IPv_Type: ipv4, Location: 美国, ISP: , Date: None, Delay: 1229 ms, Speed: 1.85 M/s, Resolution: 1280x720
Name: 宜兴紫砂, URL: rtmp://yixing-tv-ori-hls.jstv.com/yixing-tv-ori/yixing_zs, IPv_Type: ipv4, Location: 美国, ISP: , Date: None, Delay: -1 ms, Speed: inf M/s, Resolution: 1280x720
Name: 宜兴紫砂, URL: http://yixing-tv-ori-hls.jstv.com/yixing-tv-ori/yixing_zs.m3u8?zjiangsd, IPv_Type: ipv4, Location: 美国, ISP: , Date: None, Delay: 1229 ms, Speed: 1.85 M/s, Resolution: 1280x720
Name: 常熟民生, URL: rtmp://cstvplay.21cs.cn/cstv2/cstv2, IPv_Type: ipv4, Location: 中国-上海-上海, ISP: 电信, Date: None, Delay: -1 ms, Speed: inf M/s, Resolution: 1280x720
Name: 新沂新闻, URL: http://live.xysrmt.cn/xwzh/sd/live.m3u8?zjiangsd", IPv_Type: ipv6, Location: 中国, ISP: 中国电信, Date: None, Delay: 771 ms, Speed: 0.04 M/s, Resolution: 1920x1080
Name: 新沂新闻, URL: http://live.xysrmt.cn/xwzh/sd/live.m3u8?zjiangsd", IPv_Type: ipv6, Location: 中国, ISP: 中国电信, Date: None, Delay: 771 ms, Speed: 0.04 M/s, Resolution: 1920x1080
Name: 新沂生活, URL: http://live.xysrmt.cn/shpd/sd/live.m3u8?zjiangsd, IPv_Type: ipv6, Location: 中国, ISP: 中国电信, Date: None, Delay: 771 ms, Speed: 0.04 M/s, Resolution: 1920x1080
Name: 武进新闻, URL: https://live.wjyanghu.com/live/CH1.m3u8?%E5%85%B3%E6%B3%A8%E5%BE%AE%E4%BF%A1%E5%85%AC%E4%BC%97%E5%8F%B7[%E6%99%B4%E5%9B%AD], IPv_Type: ipv4, Location: 中国-上海-上海, ISP: 阿里云, Date: None, Delay: 6618 ms, Speed: 0.13 M/s, Resolution: 720x576
Name: 武进新闻, URL: https://live.wjyanghu.com/live/CH1.m3u8?%E5%85%B3%E6%B3%A8%E5%BE%AE%E4%BF%A1%E5%85%AC%E4%BC%97%E5%8F%B7[%E6%99%B4%E5%9B%AD], IPv_Type: ipv4, Location: 中国-上海-上海, ISP: 阿里云, Date: None, Delay: 6618 ms, Speed: 0.13 M/s, Resolution: 720x576
Name: 武进生活, URL: https://live.wjyanghu.com/live/CH2.m3u8?%E5%85%B3%E6%B3%A8%E5%BE%AE%E4%BF%A1%E5%85%AC%E4%BC%97%E5%8F%B7[%E6%99%B4%E5%9B%AD], IPv_Type: ipv4, Location: 中国-上海-上海, ISP: 阿里云, Date: None, Delay: 6618 ms, Speed: 0.13 M/s, Resolution: 720x576
Name: 武进生活, URL: https://live.wjyanghu.com/live/CH2.m3u8, IPv_Type: ipv4, Location: 中国-上海-上海, ISP: 阿里云, Date: None, Delay: 6618 ms, Speed: 0.13 M/s, Resolution: 720x576
Name: 江宁新闻, URL: rtmp://jiangning-tv-hls.cm.jstv.com/jiangning-tv/jnxwzh, IPv_Type: ipv4, Location: 美国, ISP: , Date: None, Delay: 386 ms, Speed: 0.00 M/s, Resolution: None
Name: 江宁新闻, URL: rtmp://jiangning-tv-hls.cm.jstv.com/jiangning-tv/jnxwzh, IPv_Type: ipv4, Location: 美国, ISP: , Date: None, Delay: 386 ms, Speed: 0.00 M/s, Resolution: None
Name: 泗洪新闻综合, URL: http://3739115337.cloudvdn.com/a.m3u8?domain=siyang-tv-hls.cm.jstv.com&player=nwEAAKHdjSKP_58X&secondToken=secondToken%3A5FUijZmDyNMxtCDdne0YzSAwjuw&streamid=siyang-tv%3Asiyang-tv%2Fsiyangzh&v3=1, IPv_Type: ipv4, Location: 中国-河北-保定, ISP: 电信, Date: None, Delay: 2879 ms, Speed: 0.37 M/s, Resolution: 1920x1080
Name: 泗洪新闻综合, URL: http://3739115337.cloudvdn.com/a.m3u8?domain=siyang-tv-hls.cm.jstv.com&player=nwEAAKHdjSKP_58X&secondToken=secondToken%3A5FUijZmDyNMxtCDdne0YzSAwjuw&streamid=siyang-tv%3Asiyang-tv%2Fsiyangzh&v3=1, IPv_Type: ipv4, Location: 中国-河北-保定, ISP: 电信, Date: None, Delay: 2879 ms, Speed: 0.37 M/s, Resolution: 1920x1080
Name: 泗阳综合, URL: http://3739115337.cloudvdn.com/a.m3u8?domain=siyang-tv-hls.cm.jstv.com&player=nwEAAKjSKP_58X&secondToken=secondToken%3A5FUijZmDyNMxtCDdne0YzSAwjuw&streamid=siyang-tv%3Asiyang-tv%2Fsiyangzh&v3=1, IPv_Type: ipv4, Location: 中国-河北-保定, ISP: 电信, Date: None, Delay: 2879 ms, Speed: 0.37 M/s, Resolution: 1920x1080
Name: 泗阳综合, URL: http://3739115337.cloudvdn.com/a.m3u8?domain=siyang-tv-hls.cm.jstv.com&player=nwEAAKHdjSKP_58X&secondToken=secondToken%3A5FUijZmDyNMxtCDdne0YzSAwjuw&streamid=siyang-tv%3Asiyang-tv%2Fsiyangzh&v3=1, IPv_Type: ipv4, Location: 中国-河北-保定, ISP: 电信, Date: None, Delay: 2879 ms, Speed: 0.37 M/s, Resolution: 1920x1080
Name: 淮安新闻综合, URL: https://mgtv.ottiptv.cc/mg/639731826.m3u8?sign=c48bc7a8f23189004a9e8833b63b0513&tm=1757436314&token=e0a403b0d4ef04ab569a5e9e22becbdeda6ffc9d6da2355cf868afbcca420d5f52b2b2f0c0ca73cc1c3054da32467b41ec9b1545cd3a55377c687b3520b78e56892225b012e6d8636f1faeba0d, IPv_Type: ipv6, Location: 美国, ISP: Oracle Corporation, Date: None, Delay: 26 ms, Speed: 18.39 M/s, Resolution: 1920x1080
Name: 淮安新闻综合, URL: https://mgtv.ottiptv.cc/mg/639731826.m3u8?sign=c48bc7a8f23189004a9e8833b63b0513&tm=1757436314&token=e0a403b0d4ef04ab569a5e9e22becbdeda6ffc9d6da2355cf868afbcca420d5f52b2b2f0c0ca73cc1c3054da32467b41ec9b1545cd3a55377c687b3520b78e56892225b012e6d8636f1faeba0d, IPv_Type: ipv6, Location: 美国, ISP: Oracle Corporation, Date: None, Delay: 26 ms, Speed: 18.39 M/s, Resolution: 1920x1080
Name: 淮阴综合, URL: https://huaiyin-tv-replay.cm.jstv.com/huaiyin-tv/huaiyinf.m3u8, IPv_Type: ipv6, Location: 中国, ISP: 中国电信, Date: None, Delay: 2761 ms, Speed: 1.03 M/s, Resolution: 1920x1080
Name: 淮阴综合, URL: https://huaiyin-tv-replay.cm.jstv.com/huaiyin-tv/huaiyinf.m3u8, IPv_Type: ipv6, Location: 中国, ISP: 中国电信, Date: None, Delay: 2761 ms, Speed: 1.03 M/s, Resolution: 1920x1080
Name: 溧水新闻综合, URL: https://mgtv.ottiptv.cc/migu/639737327.m3u8?migutoken=3b98c468491b49a9629c5832cb109bafb9b71d85fa9145eff76d80284d719f48d87d48bc93b52f5004d1c3b4efa4c9f7974e2e9f495140a84b8e678bfa1991e8bd705a52fc016f51131cfd3872, IPv_Type: ipv6, Location: 美国-新泽西州-巴赛克, ISP: DigitalOcean, Date: None, Delay: 26 ms, Speed: 18.39 M/s, Resolution: 1920x1080
Name: 溧水新闻综合, URL: https://mgtv.ottiptv.cc/migu/639737327.m3u8?migutoken=4c07b7afe94ad06d114a6bccae5747804d493ab7b1100069e485b78d3cb91c0fb0dbd92aa90a6157d7066e5b90780fabf5e150e17ebb9bc72b8bb18f43c5acddd1c0fd4d1904a99210aa962135, IPv_Type: ipv6, Location: 美国, ISP: Oracle Corporation, Date: None, Delay: 26 ms, Speed: 18.39 M/s, Resolution: 1920x1080
Name: 溧水新闻综合, URL: http://lishui-tv-hls.cm.jstv.com/lishui-tv/lsxwzh.m3u8, IPv_Type: ipv4, Location: 中国-浙江-温州, ISP: 电信, Date: None, Delay: 292 ms, Speed: 3.18 M/s, Resolution: 1920x1080
Name: 溧水新闻综合, URL: http://lishui-tv-hls.cm.jstv.com/lishui-tv/lsxwzh.m3u8, IPv_Type: ipv4, Location: 中国-浙江-温州, ISP: 电信, Date: None, Delay: 292 ms, Speed: 3.18 M/s, Resolution: 1920x1080
Name: 溧水新闻综合, URL: https://lishui-tv-hls.cm.jstv.com/lishui-tv/lsxwzh.m3u8, IPv_Type: ipv4, Location: 中国-浙江-温州, ISP: 电信, Date: None, Delay: 315 ms, Speed: 3.06 M/s, Resolution: 1920x1080
Name: 溧水新闻综合, URL: https://lishui-tv-hls.cm.jstv.com/lishui-tv/lsxwzh.m3u8, IPv_Type: ipv4, Location: 中国-浙江-温州, ISP: 电信, Date: None, Delay: 315 ms, Speed: 3.06 M/s, Resolution: 1920x1080
Name: 滨海新闻综合, URL: http://traffic.jbh.tjbh.com/live/bhtv10/playlist.m3u8, IPv_Type: ipv4, Location: 美国-伊利诺伊州-库克, ISP: 网宿CDN节点, Date: None, Delay: 5237 ms, Speed: 0.12 M/s, Resolution: 1920x1080
Name: 滨海新闻综合, URL: http://traffic.jbh.tjbh.com/live/bhtv10/playlist.m3u8, IPv_Type: ipv4, Location: 美国-伊利诺伊州-库克, ISP: 网宿CDN节点, Date: None, Delay: 5237 ms, Speed: 0.12 M/s, Resolution: 1920x1080
Name: 睢宁三农, URL: http://3739115337.cloudvdn.com/a.m3u8?domain=suining-tv-hls.cm.jstv.com&player=nwEAAJApyIx-AKAX&secondToken=secondToken%3AfyPrvACXUQ_VSZUu3Rxm-2py1fo&streamid=suining-tv%3Asuining-tv%2Fsuiningsn&v3=1, IPv_Type: ipv4, Location: 中国-河北-保定, ISP: 电信, Date: None, Delay: 2879 ms, Speed: 0.37 M/s, Resolution: 1920x1080
Name: 睢宁综合, URL: https://live-auth.51kandianshi.com/szgd/csztv4k_hd.m3u8, IPv_Type: ipv4, Location: 美国-加利福尼亚州-圣克拉拉, ISP: 腾讯云, Date: None, Delay: 100 ms, Speed: 5.93 M/s, Resolution: 1280x720
Name: 睢宁综合, URL: https://live-auth.51kandianshi.com/szgd/csztv4k_hd.m3u8, IPv_Type: ipv4, Location: 美国-加利福尼亚州-圣克拉拉, ISP: 腾讯云, Date: None, Delay: 100 ms, Speed: 5.93 M/s, Resolution: 1280x720
Name: 苏州4k, URL: https://live-auth.51kandianshi.com/szgd/csztv4k_hd.m3u8, IPv_Type: ipv4, Location: 美国-加利福尼亚州-圣克拉拉, ISP: 腾讯云, Date: None, Delay: 100 ms, Speed: 5.93 M/s, Resolution: 1280x720
Name: 苏州文化生活, URL: https://live-auth.51kandianshi.com/szgd/csztv3.m3u8, IPv_Type: ipv4, Location: 美国-加利福尼亚州-圣克拉拉, ISP: 腾讯云, Date: None, Delay: 100 ms, Speed: 5.93 M/s, Resolution: 1280x720
Name: 苏州生活资讯, URL: https://live-auth.51kandianshi.com/szgd/csztv5.m3u8, IPv_Type: ipv4, Location: 美国-加利福尼亚州-圣克拉拉, ISP: 腾讯云, Date: None, Delay: 100 ms, Speed: 5.93 M/s, Resolution: 1280x720
Name: 苏州社会经济, URL: https://live-auth.51kandianshi.com/szgd/csztv2.m3u8, IPv_Type: ipv4, Location: 中国-江苏-常州, ISP: 电信, Date: None, Delay: 100 ms, Speed: 5.93 M/s, Resolution: 1280x720
Name: 连云港新闻综合, URL: https://mgtv.ottiptv.cc/migu/639731715.m3u8?migutoken=70f90182e47785fca234628a083c2a775b48319c0603f2641b5a891ba90b43816e51fb1b07cad8793011132425ebbc0f1568b3bc433d2f04e40344c5fe163be8bf6490e14ab6b96b4419f3f134, IPv_Type: ipv6, Location: 美国, ISP: Oracle Corporation, Date: None, Delay: 26 ms, Speed: 18.39 M/s, Resolution: 1920x1080
Name: 镇江二套社会民生, URL: http://zjtv-wshls.homecdn.com/live/2aa16.m3u8, IPv_Type: ipv4, Location: 美国-伊利诺伊州-库克, ISP: 网宿CDN节点, Date: None, Delay: 20 ms, Speed: 55.16 M/s, Resolution: 1920x1080
Name: 镇江二套社会民生, URL: http://zjtv-wshls.homecdn.com/live/2aa16.m3u8, IPv_Type: ipv4, Location: 美国-伊利诺伊州-库克, ISP: 网宿CDN节点, Date: None, Delay: 20 ms, Speed: 55.16 M/s, Resolution: 1920x1080
Name: 镇江新闻综合, URL: http://zjtv-wshls.homecdn.com/live/2aa50.m3u8?wsSession=a263bdc5a26cd01b57a80359-170493712215358&wsIPSercert=f56bd6194d219a5172dbed60eca6e9b0, IPv_Type: ipv4, Location: 美国-伊利诺伊州-库克, ISP: 网宿CDN节点, Date: None, Delay: 20 ms, Speed: 55.16 M/s, Resolution: 1920x1080
Name: 镇江新闻综合, URL: http://zjtv-wshls.homecdn.com/live/2aa50.m3u8?wsSession=a263bdc5a26cd01b57a80359-170493712215358&amp;wsIPSercert=f56bd6194d219a5172dbed60eca6e9b0, IPv_Type: ipv4, Location: 美国, ISP: , Date: None, Delay: 20 ms, Speed: 55.16 M/s, Resolution: 1920x1080
Name: 镇江新闻综合, URL: http://cm-wshls.homecdn.com/live/2aa50.m3u8, IPv_Type: ipv4, Location: 美国-伊利诺伊州-库克, ISP: 网宿CDN节点, Date: None, Delay: 1014 ms, Speed: 2.06 M/s, Resolution: 1920x1080
Name: 镇江新闻综合, URL: http://cm-wshls.homecdn.com/live/2aa50.m3u8, IPv_Type: ipv4, Location: 美国-伊利诺伊州-库克, ISP: 网宿CDN节点, Date: None, Delay: 1014 ms, Speed: 2.06 M/s, Resolution: 1920x1080
Name: 靖江新闻综合, URL: rtmp://visit.jjbctv.com:1935/live/xwzhmb?zjiangsd, IPv_Type: ipv4, Location: 中国-江苏-泰州, ISP: 电信, Date: None, Delay: -1 ms, Speed: inf M/s, Resolution: 1280x720
Name: 靖江新闻综合, URL: http://ls.qingting.fm/live/23797.m3u8, IPv_Type: ipv6, Location: 中国-广东-东莞, ISP: 电信, Date: None, Delay: 1320 ms, Speed: 0.04 M/s, Resolution: 1920x1080
Name: 辽宁经济, URL: http://ls.qingting.fm/live/23797.m3u8, IPv_Type: ipv6, Location: 中国-广东-东莞, ISP: 电信, Date: None, Delay: 1320 ms, Speed: 0.04 M/s, Resolution: 1920x1080
Name: 湖南都市, URL: http://php.jdshipin.com:8880/iptv.php, IPv_Type: ipv6, Location: 美国, ISP: CloudFlare Inc., Date: None, Delay: 2820 ms, Speed: 0.49 M/s, Resolution: 1920x1080
Name: 湖南都市, URL: http://php.jdshipin.com:8880/iptv.php?id=hnds, IPv_Type: ipv6, Location: 美国, ISP: CloudFlare Inc., Date: None, Delay: 2820 ms, Speed: 0.49 M/s, Resolution: 1920x1080
Name: 湖南都市, URL: http://php.jdshipin.com:8880/TVOD/iptv.php?id=hnds, IPv_Type: ipv6, Location: 美国, ISP: CloudFlare Inc., Date: None, Delay: 2820 ms, Speed: 0.49 M/s, Resolution: 1920x1080
Name: 湖南经视, URL: http://php.jdshipin.com:8880/TVOD/iptv.php?id=hnjs, IPv_Type: ipv6, Location: 美国, ISP: CloudFlare Inc., Date: None, Delay: 2820 ms, Speed: 0.49 M/s, Resolution: 1920x1080
Name: 湖南经视, URL: http://php.jdshipin.com:8880/iptv.php, IPv_Type: ipv6, Location: 美国, ISP: CloudFlare Inc., Date: None, Delay: 2820 ms, Speed: 0.49 M/s, Resolution: 1920x1080
Name: 湖南电视剧, URL: http://php.jdshipin.com:8880/TVOD/iptv.php?id=hndsj, IPv_Type: ipv6, Location: 美国, ISP: CloudFlare Inc., Date: None, Delay: 2820 ms, Speed: 0.49 M/s, Resolution: 1920x1080
Name: 湖南电视剧, URL: http://php.jdshipin.com:8880/iptv.php, IPv_Type: ipv6, Location: 美国, ISP: CloudFlare Inc., Date: None, Delay: 2820 ms, Speed: 0.49 M/s, Resolution: 1920x1080
Name: 湖南电影, URL: http://php.jdshipin.com:8880/TVOD/iptv.php?id=hndy, IPv_Type: ipv6, Location: 美国, ISP: CloudFlare Inc., Date: None, Delay: 2820 ms, Speed: 0.49 M/s, Resolution: 1920x1080
Name: 湖南电影, URL: http://php.jdshipin.com:8880/iptv.php, IPv_Type: ipv6, Location: 美国, ISP: CloudFlare Inc., Date: None, Delay: 2820 ms, Speed: 0.49 M/s, Resolution: 1920x1080
Name: 湖南爱晚, URL: http://php.jdshipin.com:8880/TVOD/iptv.php?id=hngg, IPv_Type: ipv6, Location: 美国, ISP: CloudFlare Inc., Date: None, Delay: 2820 ms, Speed: 0.49 M/s, Resolution: 1920x1080
Name: 湖南爱晚, URL: http://php.jdshipin.com:8880/iptv.php, IPv_Type: ipv6, Location: 美国, ISP: CloudFlare Inc., Date: None, Delay: 2820 ms, Speed: 0.49 M/s, Resolution: 1920x1080
Name: 湖南教育, URL: http://php.jdshipin.com:8880/iptv.php, IPv_Type: ipv6, Location: 美国, ISP: CloudFlare Inc., Date: None, Delay: 2820 ms, Speed: 0.49 M/s, Resolution: 1920x1080
Name: 湖南娱乐, URL: http://php.jdshipin.com:8880/TVOD/iptv.php?id=hnyl, IPv_Type: ipv6, Location: 美国, ISP: CloudFlare Inc., Date: None, Delay: 2820 ms, Speed: 0.49 M/s, Resolution: 1920x1080
Name: 湖南娱乐, URL: http://php.jdshipin.com:8880/iptv.php, IPv_Type: ipv6, Location: 美国, ISP: CloudFlare Inc., Date: None, Delay: 2820 ms, Speed: 0.49 M/s, Resolution: 1920x1080
Name: 湖南国际, URL: http://php.jdshipin.com:8880/TVOD/iptv.php?id=hngj, IPv_Type: ipv6, Location: 美国, ISP: CloudFlare Inc., Date: None, Delay: 2820 ms, Speed: 0.49 M/s, Resolution: 1920x1080
Name: 湖南国际, URL: http://php.jdshipin.com:8880/iptv.php, IPv_Type: ipv6, Location: 美国, ISP: CloudFlare Inc., Date: None, Delay: 2820 ms, Speed: 0.49 M/s, Resolution: 1920x1080
Name: 湖南金鹰纪实, URL: http://61.184.46.85:9901/tsfile/live/1026_1.m3u8?key=txiptv&playlive=1&authid=0, IPv_Type: ipv4, Location: 中国-湖北-荆州, ISP: 电信, Date: None, Delay: 12247 ms, Speed: 0.14 M/s, Resolution: 1920x1080
Name: 湖南金鹰纪实, URL: http://61.184.46.85:9901/tsfile/live/1026_1.m3u8?key=txiptv&playlive=1&authid=0, IPv_Type: ipv4, Location: 中国-湖北-荆州, ISP: 电信, Date: None, Delay: 12247 ms, Speed: 0.14 M/s, Resolution: 1920x1080
Name: 长沙新闻综合, URL: http://ls.qingting.fm/live/4877.m3u8, IPv_Type: ipv6, Location: 中国-广东-东莞, ISP: 电信, Date: None, Delay: 1320 ms, Speed: 0.04 M/s, Resolution: 1920x1080
Name: 衡阳新闻综合, URL: https://liveplay-srs.voc.com.cn/hls/tv/183_554704.m3u8, IPv_Type: ipv4, Location: 中国-湖南, ISP: 移动, Date: None, Delay: 12213 ms, Speed: 0.01 M/s, Resolution: 800x480
Name: 衡阳新闻综合, URL: https://liveplay-srs.voc.com.cn/hls/tv/183_554704.m3u8, IPv_Type: ipv4, Location: 中国-湖南, ISP: 移动, Date: None, Delay: 12213 ms, Speed: 0.01 M/s, Resolution: 800x480
Name: 湖北生活, URL: http://satellitepull.cnr.cn/live/wx32hubczshgb/playlist.m3u8, IPv_Type: ipv4, Location: 美国-德克萨斯州-达拉斯, ISP: 网宿科技CDN节点, Date: None, Delay: 6 ms, Speed: 16.96 M/s, Resolution: None
Name: 湖北生活, URL: https://satellitepull.cnr.cn/live/wx32hubczshgb/playlist.m3u8, IPv_Type: ipv4, Location: 美国-德克萨斯州-达拉斯, ISP: 网宿科技CDN节点, Date: None, Delay: 11 ms, Speed: 11.21 M/s, Resolution: None
Name: 荆门新闻综合, URL: http://stream.jmtv.com.cn/xwzh/sd/live.m3u8?%E5%85%B3%E6%B3%A8%E5%BE%AE%E4%BF%A1%E5%85%AC%E4%BC%97%E5%8F%B7[%E6%99%B4%E5%9B%AD], IPv_Type: ipv6, Location: 中国, ISP: 中国电信, Date: None, Delay: 1988 ms, Speed: 0.56 M/s, Resolution: 1920x1080
Name: 荆门新闻综合, URL: http://stream.jmtv.com.cn/xwzh/sd/live.m3u8?%E5%85%B3%E6%B3%A8%E5%BE%AE%E4%BF%A1%E5%85%AC%E4%BC%97%E5%8F%B7[%E6%99%B4%E5%9B%AD], IPv_Type: ipv6, Location: 中国, ISP: 中国电信, Date: None, Delay: 1988 ms, Speed: 0.56 M/s, Resolution: 1920x1080
Name: 荆门新闻综合, URL: http://stream.jmtv.com.cn/xwzh/sd/live.m3u8, IPv_Type: ipv6, Location: 中国, ISP: 中国电信, Date: None, Delay: 1988 ms, Speed: 0.56 M/s, Resolution: 1920x1080
Name: 南宁公共, URL: https://hls.nntv.cn/nnlive/GGPD_24.m3u8, IPv_Type: ipv4, Location: 中国-江苏-扬州, ISP: 电信, Date: None, Delay: 2121 ms, Speed: 0.37 M/s, Resolution: 1280x720
Name: 南宁公共, URL: https://hls.nntv.cn/nnlive/GGPD_24.m3u8, IPv_Type: ipv4, Location: 中国-江苏-扬州, ISP: 电信, Date: None, Delay: 2121 ms, Speed: 0.37 M/s, Resolution: 1280x720
Name: 南宁公共, URL: http://hls.nntv.cn/nnlive/GGPD_24.m3u8, IPv_Type: ipv4, Location: 中国-江苏-扬州, ISP: 电信, Date: None, Delay: 1468 ms, Speed: 0.29 M/s, Resolution: 1280x720
Name: 南宁公共, URL: http://hls.nntv.cn/nnlive/GGPD_24.m3u8, IPv_Type: ipv4, Location: 中国-江苏-扬州, ISP: 电信, Date: None, Delay: 1468 ms, Speed: 0.29 M/s, Resolution: 1280x720
Name: 南宁公共, URL: http://hls.nntv.cn/nnlive/NNTV_PUB_A.m3u8$山东酒店源-cache:http://47.104.102.192/ZHGXTV/Public/json/live_interface.txt, IPv_Type: ipv4, Location: 中国, ISP: 移动, Date: None, Delay: 1468 ms, Speed: 0.29 M/s, Resolution: 1280x720
Name: 南宁影娱乐, URL: http://hls.nntv.cn/nnlive/NNTV_VOD_A.m3u8, IPv_Type: ipv4, Location: 中国-江苏-扬州, ISP: 电信, Date: None, Delay: 1468 ms, Speed: 0.29 M/s, Resolution: 1280x720
Name: 南宁影娱乐, URL: http://hls.nntv.cn/nnlive/NNTV_VOD_A.m3u8?zguangxd, IPv_Type: ipv4, Location: 中国-江苏-扬州, ISP: 电信, Date: None, Delay: 1468 ms, Speed: 0.29 M/s, Resolution: 1280x720
Name: 南宁新闻综合, URL: rtmp://tv.qntv.net/channellive/ch1?zguizd, IPv_Type: ipv4, Location: 中国-贵州-黔南布依族苗族自治州, ISP: 联通, Date: None, Delay: -1 ms, Speed: inf M/s, Resolution: 1920x1080
Name: 南宁新闻综合, URL: rtmp://hls.nntv.cn/nnlive/XWZH_24, IPv_Type: ipv4, Location: 中国-江苏-扬州, ISP: 电信, Date: None, Delay: -1 ms, Speed: inf M/s, Resolution: 1280x720
Name: 南宁新闻综合, URL: https://hls.nntv.cn/nnlive/XWZH_24.m3u8, IPv_Type: ipv4, Location: 中国-江苏-扬州, ISP: 电信, Date: None, Delay: 2121 ms, Speed: 0.37 M/s, Resolution: 1280x720
Name: 南宁新闻综合, URL: http://hls.nntv.cn/nnlive/XWZH_24.m3u8, IPv_Type: ipv4, Location: 中国-江苏-扬州, ISP: 电信, Date: None, Delay: 1468 ms, Speed: 0.29 M/s, Resolution: 1280x720
Name: 南宁新闻综合, URL: http://hls.nntv.cn/nnlive/NNTV_NEWS_A.m3u8$山东酒店源-cache:http://47.104.102.192/ZHGXTV/Public/json/live_interface.txt, IPv_Type: ipv4, Location: 中国, ISP: 移动, Date: None, Delay: 1468 ms, Speed: 0.29 M/s, Resolution: 1280x720
Name: 南宁都市生活, URL: http://615bbf179ba53515dccad7b1da5d1ad9.livehwc3.cn/hls.nntv.cn/nnlive/WLSH_24.m3u8?sub_m3u8=true&edge_slice=true&user_session_id=2598844eaee8a4265e706fc14b3fc11d, IPv_Type: ipv6, Location: 中国, ISP: 中国电信, Date: None, Delay: 1141 ms, Speed: 0.43 M/s, Resolution: 1920x1080
Name: 南宁都市生活, URL: http://615bbf179ba53515dccad7b1da5d1ad9.livehwc3.cn/hls.nntv.cn/nnlive/WLSH_24.m3u8?sub_m3u8=true&edge_slice=true&user_session_id=2598844eaee8a4265e706fc14b3fc11d, IPv_Type: ipv6, Location: 中国, ISP: 中国电信, Date: None, Delay: 1141 ms, Speed: 0.43 M/s, Resolution: 1920x1080
Name: 南宁都市生活, URL: http://hls.nntv.cn/nnlive/WLSH_24.m3u8, IPv_Type: ipv4, Location: 中国-江苏-扬州, ISP: 电信, Date: None, Delay: 1468 ms, Speed: 0.29 M/s, Resolution: 1280x720
Name: 南宁都市生活, URL: http://hls.nntv.cn/nnlive/NNTV_METRO_A.m3u8$山东酒店源-cache:http://47.104.102.192/ZHGXTV/Public/json/live_interface.txt, IPv_Type: ipv4, Location: 中国, ISP: 移动, Date: None, Delay: 1468 ms, Speed: 0.29 M/s, Resolution: 1280x720
Name: 宾阳综合, URL: http://zb.gxlbamc.com:1935/live/lbzh.stream/playlist.m3u8, IPv_Type: ipv4, Location: 中国-广西, ISP: 移动, Date: None, Delay: 12961 ms, Speed: 0.29 M/s, Resolution: 1920x1080
Name: 宾阳综合, URL: http://zb.gxlbamc.com:1935/live/lbzh.stream/playlist.m3u8, IPv_Type: ipv4, Location: 中国-广西, ISP: 移动, Date: None, Delay: 12961 ms, Speed: 0.29 M/s, Resolution: 1920x1080
Name: 来宾综合, URL: http://zb.gxlbamc.com:1935/live/lbzh.stream/playlist.m3u8, IPv_Type: ipv4, Location: 中国-广西, ISP: 移动, Date: None, Delay: 12961 ms, Speed: 0.29 M/s, Resolution: 1920x1080
Name: 灌阳新闻综合, URL: https://ls.qingting.fm/live/5043/64k.m3u8, IPv_Type: ipv6, Location: 中国-广东-东莞, ISP: 电信, Date: None, Delay: 1514 ms, Speed: 0.05 M/s, Resolution: 1920x1080
Name: 灌阳新闻综合, URL: https://ls.qingting.fm/live/5043/64k.m3u8, IPv_Type: ipv6, Location: 中国-广东-东莞, ISP: 电信, Date: None, Delay: 1514 ms, Speed: 0.05 M/s, Resolution: 1920x1080
Name: 广西国际, URL: https://hlscdn.liangtv.cn/live/0234c48e0bc24fe1b41b9999a253e581/1075ee38e04f490690f6a36a16e09c79.m3u8, IPv_Type: ipv6, Location: 中国-江苏-扬州, ISP: 电信, Date: None, Delay: 676 ms, Speed: 2.42 M/s, Resolution: 1920x1080
Name: 南宁影视娱乐, URL: http://hls.nntv.cn/nnlive/YSYL_244.m3u8, IPv_Type: ipv4, Location: 中国-江苏-扬州, ISP: 电信, Date: None, Delay: 1468 ms, Speed: 0.29 M/s, Resolution: 1280x720
Name: 南宁影视娱乐, URL: http://hls.nntv.cn/nnlive/NNTV_VOD_A.m3u8$山东酒店源-cache:http://47.104.102.192/ZHGXTV/Public/json/live_interface.txt, IPv_Type: ipv4, Location: 中国, ISP: 移动, Date: None, Delay: 1468 ms, Speed: 0.29 M/s, Resolution: 1280x720
Name: 滨海新闻, URL: http://traffic.jbh.tjbh.com/live/bhtv10/playlist.m3u8, IPv_Type: ipv4, Location: 美国-伊利诺伊州-库克, ISP: 网宿CDN节点, Date: None, Delay: 5237 ms, Speed: 0.12 M/s, Resolution: 1920x1080
Name: 滨海综艺, URL: http://traffic.jbh.tjbh.com/live/bhtv2/playlist.m3u8?ztianjd, IPv_Type: ipv4, Location: 美国-伊利诺伊州-库克, ISP: 网宿CDN节点, Date: None, Delay: 5237 ms, Speed: 0.12 M/s, Resolution: 1920x1080
Name: 滨海影院, URL: http://traffic.jbh.tjbh.com/live/bhtv3/playlist.m3u8?ztianjd, IPv_Type: ipv4, Location: 美国-伊利诺伊州-库克, ISP: 网宿CDN节点, Date: None, Delay: 5237 ms, Speed: 0.12 M/s, Resolution: 1920x1080
Name: 津南一套, URL: http://play.jinnantv.top/live/JNTV1.m3u8?ztianjd, IPv_Type: ipv4, Location: 美国-伊利诺伊州-库克, ISP: 网宿CDN节点, Date: None, Delay: 7 ms, Speed: 34.04 M/s, Resolution: 720x576
Name: 津南一套, URL: http://play.jinnantv.top/live/JNTV1.m3u8?ztianjd, IPv_Type: ipv4, Location: 美国-伊利诺伊州-库克, ISP: 网宿CDN节点, Date: None, Delay: 7 ms, Speed: 34.04 M/s, Resolution: 720x576
Name: 武清综合, URL: https://tvpull.smartwq.cn/wqlive/convergencemedia/playlist.m3u8?ztianjd, IPv_Type: ipv4, Location: 美国-伊利诺伊州-库克, ISP: 网宿CDN节点, Date: None, Delay: 27 ms, Speed: 30.43 M/s, Resolution: 720x576
Name: 武清综合, URL: https://tvpull.smartwq.cn/wqlive/convergencemedia/playlist.m3u8?ztianjd, IPv_Type: ipv4, Location: 美国-伊利诺伊州-库克, ISP: 网宿CDN节点, Date: None, Delay: 27 ms, Speed: 30.43 M/s, Resolution: 720x576
Name: 天津卫视, URL: http://222.169.85.8:9901/tsfile/live/0135_1.m3u8?key=txiptv&amp;amp;playlive=1&amp;amp;authid=0, IPv_Type: ipv4, Location: 中国-吉林-辽源, ISP: 电信, Date: None, Delay: 12803 ms, Speed: 0.00 M/s, Resolution: 1920x1080
Name: 乐山新闻综合, URL: http://pwpull.leshan.cn:80/live/21609091019110008654ed1a00000000/playlist.m3u8, IPv_Type: ipv4, Location: 美国-伊利诺伊州-库克, ISP: 网宿CDN节点, Date: None, Delay: 17 ms, Speed: 54.33 M/s, Resolution: 1280x720
Name: 乐山新闻综合, URL: http://pwpull.leshan.cn:80/live/21609091019110008654ed1a00000000/playlist.m3u8, IPv_Type: ipv4, Location: 美国-伊利诺伊州-库克, ISP: 网宿CDN节点, Date: None, Delay: 17 ms, Speed: 54.33 M/s, Resolution: 1280x720
Name: 乐至综合, URL: http://175.155.106.72:89/live1/live1.m3u8?zsicd;http://rmlive.lzxrmtzx.com/live1/live1.m3u8?zsicd, IPv_Type: ipv4, Location: 中国-四川-德阳, ISP: 联通, Date: None, Delay: 2976 ms, Speed: 0.77 M/s, Resolution: 1920x1080
Name: 乐至综合, URL: http://175.155.106.72:89/live1/live1.m3u8?zsicd;http://rmlive.lzxrmtzx.com/live1/live1.m3u8?zsicd, IPv_Type: ipv4, Location: 中国-四川-德阳, ISP: 联通, Date: None, Delay: 2976 ms, Speed: 0.77 M/s, Resolution: 1920x1080
Name: 井研综合, URL: http://tvfile.jyrmt.cn/nmip-media/channellive/channel104452/playlist.m3u8, IPv_Type: ipv4, Location: 中国-四川, ISP: 广电网, Date: None, Delay: 2862 ms, Speed: 0.64 M/s, Resolution: 1920x1080
Name: 什邡新闻, URL: http://live.sfrmt.com:85/live/zhpd.m3u8?zsicd, IPv_Type: ipv4, Location: 中国-四川, ISP: 移动, Date: None, Delay: 481 ms, Speed: 0.00 M/s, Resolution: 1920x1080
Name: 什邡新闻, URL: http://live.sfrmt.com:85/live/zhpd.m3u8?zsicd, IPv_Type: ipv4, Location: 中国-四川, ISP: 移动, Date: None, Delay: 481 ms, Speed: 0.00 M/s, Resolution: 1920x1080
Name: 什邡新闻, URL: http://live.sfrmt.com:85/live/zhpd.m3u8, IPv_Type: ipv4, Location: 中国-四川, ISP: 移动, Date: None, Delay: 481 ms, Speed: 0.00 M/s, Resolution: 1920x1080
Name: 仁寿综合, URL: https://play.scrstv.com.cn/DT/live.m3u8?auth_key=60001724663204-0-0-c1cc4ded9841ac34f63cdbd3aec647ef, IPv_Type: ipv4, Location: 中国-上海-上海, ISP: 电信, Date: None, Delay: 983 ms, Speed: 0.06 M/s, Resolution: None
Name: 仁寿综合, URL: https://play.scrstv.com.cn/DT/live.m3u8?auth_key=60001724663204-0-0-c1cc4ded9841ac34f63cdbd3aec647ef, IPv_Type: ipv4, Location: 中国-上海-上海, ISP: 电信, Date: None, Delay: 983 ms, Speed: 0.06 M/s, Resolution: None
Name: 凉山新闻综合, URL: http://tvfile.lzgbdst.com/nmip-media/channellive/channel106876/playlist.m3u8?zsicdhttp://tv.drs.lzgbdst.com:8100/channellive/lztv2.flv?zsicd, IPv_Type: ipv4, Location: 中国-四川, ISP: 移动, Date: None, Delay: 5750 ms, Speed: 0.74 M/s, Resolution: 1920x1080
Name: 凉山新闻综合, URL: http://tvfile.lzgbdst.com/nmip-media/channellive/channel106876/playlist.m3u8?zsicdhttp://tv.drs.lzgbdst.com:8100/channellive/lztv2.flv?zsicd, IPv_Type: ipv4, Location: 中国-四川, ISP: 移动, Date: None, Delay: 5750 ms, Speed: 0.74 M/s, Resolution: 1920x1080
Name: 凉山语, URL: rtmp://tv.drs.i0834.cn/channellive/ch2?zsicd, IPv_Type: ipv4, Location: 中国-四川-凉山彝族自治州, ISP: 电信, Date: None, Delay: -1 ms, Speed: inf M/s, Resolution: 720x404
Name: 凉山语, URL: rtmp://tv.drs.yizu.tv/channellive/ch2?zsicd, IPv_Type: ipv4, Location: 中国-四川-凉山彝族自治州, ISP: 电信, Date: None, Delay: -1 ms, Speed: inf M/s, Resolution: 720x404
Name: 利州综合, URL: http://tvfile.lzgbdst.com/nmip-media/channellive/channel106876/playlist.m3u8?zsicd, IPv_Type: ipv4, Location: 中国-四川, ISP: 移动, Date: None, Delay: 5750 ms, Speed: 0.74 M/s, Resolution: 1920x1080
Name: 利州综合, URL: http://tvfile.lzgbdst.com/nmip-media/channellive/channel106876/playlist.m3u8, IPv_Type: ipv4, Location: 中国-四川, ISP: 移动, Date: None, Delay: 5750 ms, Speed: 0.74 M/s, Resolution: 1920x1080
Name: 利州综合, URL: http://tvfile.lzgbdst.com:80/nmip-media/channellive/channel106876/playlist.m3u8, IPv_Type: ipv4, Location: 中国-四川, ISP: 移动, Date: None, Delay: 5750 ms, Speed: 0.74 M/s, Resolution: 1920x1080
Name: 利州综合, URL: http://tvfile.lzgbdst.com/nmip-media/channellive/channel106876/playlist.m3u8?zsicdhttp://tv.drs.lzgbdst.com:8100/channellive/lztv2.flv?zsicd, IPv_Type: ipv4, Location: 中国-四川, ISP: 移动, Date: None, Delay: 5750 ms, Speed: 0.74 M/s, Resolution: 1920x1080
Name: 叙永综合, URL: rtmp://luzhi.xuyongrongmei.com:1935/live/xyxw?zsicd, IPv_Type: ipv6, Location: 中国, ISP: 中国电信, Date: None, Delay: -1 ms, Speed: inf M/s, Resolution: 1920x1080
Name: 名山综合, URL: rtmp://tv.yunxya.com:1937/channellive/mingshan, IPv_Type: ipv4, Location: 中国-四川-雅安, ISP: 电信, Date: None, Delay: -1 ms, Speed: inf M/s, Resolution: 1920x1080
Name: 名山综合, URL: https://m3u8channel-bx.yunxya.com/nmip-media/channellive/channel104666/playlist.m3u8, IPv_Type: ipv4, Location: 中国-广东-东莞, ISP: 电信, Date: None, Delay: 2032 ms, Speed: 1.03 M/s, Resolution: 1920x1080
Name: 名山综合, URL: https://m3u8channel-bx.yunxya.com/nmip-media/channellive/channel104666/playlist.m3u8, IPv_Type: ipv4, Location: 中国-广东-东莞, ISP: 电信, Date: None, Delay: 2032 ms, Speed: 1.03 M/s, Resolution: 1920x1080
Name: 名山综合, URL: https://m3u8channel-ms.yunxya.com:443/nmip-media/audiolive/audio100580/playlist.m3u8, IPv_Type: ipv4, Location: 中国-广东-东莞, ISP: 电信, Date: None, Delay: 907 ms, Speed: 0.18 M/s, Resolution: None
Name: 名山综合, URL: https://m3u8channel-ms.yunxya.com:443/nmip-media/audiolive/audio100580/playlist.m3u8, IPv_Type: ipv4, Location: 中国-广东-东莞, ISP: 电信, Date: None, Delay: 907 ms, Speed: 0.18 M/s, Resolution: None
Name: 宝兴综合, URL: https://m3u8channel-bx.yunxya.com/nmip-media/channellive/channel104666/playlist.m3u8, IPv_Type: ipv4, Location: 中国-广东-东莞, ISP: 电信, Date: None, Delay: 2032 ms, Speed: 1.03 M/s, Resolution: 1920x1080
Name: 小金综合, URL: rtmp://xjlive.xjxrmt.cn/live/xwpd, IPv_Type: ipv4, Location: 中国-四川-成都, ISP: 电信, Date: None, Delay: -1 ms, Speed: inf M/s, Resolution: 1920x1080
Name: 广安公共, URL: http://live1.gatv.com.cn:85/live/GGPD.m3u8, IPv_Type: ipv4, Location: 中国-四川-广安, ISP: 电信, Date: None, Delay: 12774 ms, Speed: 0.03 M/s, Resolution: 1920x1080
Name: 广安公共, URL: http://live1.gatv.com.cn:85/live/GGPD.m3u8, IPv_Type: ipv4, Location: 中国-四川-广安, ISP: 电信, Date: None, Delay: 12774 ms, Speed: 0.03 M/s, Resolution: 1920x1080
Name: 康定综合, URL: http://kdfile.ganzitv.com/nmip-media/channellive/channel100663/playlist.m3u8, IPv_Type: ipv4, Location: 中国-四川-甘孜藏族自治州, ISP: 电信, Date: None, Delay: 12708 ms, Speed: 0.05 M/s, Resolution: 1280x720
Name: 康定综合, URL: http://kdfile.ganzitv.com/nmip-media/channellive/channel100663/playlist.m3u8, IPv_Type: ipv4, Location: 中国-四川-甘孜藏族自治州, ISP: 电信, Date: None, Delay: 12708 ms, Speed: 0.05 M/s, Resolution: 1280x720
Name: 康巴卫视, URL: http://php.jdshipin.com/TVOD/hljyd.php?id=3221225660, IPv_Type: ipv6, Location: 美国, ISP: CloudFlare Inc., Date: None, Delay: 2820 ms, Speed: 0.49 M/s, Resolution: 1920x1080
Name: 旺苍新闻综合, URL: rtmp://tv.wcrmt.cn/channellive/ch1, IPv_Type: ipv4, Location: 中国-四川-广元, ISP: 广电网, Date: None, Delay: -1 ms, Speed: inf M/s, Resolution: 1920x1080
Name: 旺苍新闻综合, URL: http://channel.wcrmt.cn:80/nmip-media/channellive/channel105268/playlist.m3u8, IPv_Type: ipv4, Location: 中国-四川-广元, ISP: 广电网, Date: None, Delay: 2601 ms, Speed: 0.81 M/s, Resolution: 1920x1080
Name: 旺苍新闻综合, URL: http://channel.wcrmt.cn:80/nmip-media/channellive/channel105268/playlist.m3u8, IPv_Type: ipv4, Location: 中国-四川-广元, ISP: 广电网, Date: None, Delay: 2601 ms, Speed: 0.81 M/s, Resolution: 1920x1080
Name: 朝天综合, URL: https://m3u8.channel.dzsm.com/nmip-media/channellive/channel104601/playlist.m3u8, IPv_Type: ipv4, Location: 中国-四川, ISP: 移动, Date: None, Delay: 12846 ms, Speed: 0.05 M/s, Resolution: 960x528
Name: 朝天综合, URL: https://m3u8.channel.dzsm.com/nmip-media/channellive/channel104601/playlist.m3u8, IPv_Type: ipv4, Location: 中国-四川, ISP: 移动, Date: None, Delay: 12846 ms, Speed: 0.05 M/s, Resolution: 960x528
Name: 武胜综合, URL: http://live2.gatv.com.cn:86/live/WS.m3u8, IPv_Type: ipv4, Location: 中国-四川-广安, ISP: 电信, Date: None, Delay: 526 ms, Speed: 0.00 M/s, Resolution: None
Name: 武胜综合, URL: http://live2.gatv.com.cn:86/live/WS.m3u8, IPv_Type: ipv4, Location: 中国-四川-广安, ISP: 电信, Date: None, Delay: 526 ms, Speed: 0.00 M/s, Resolution: None
Name: 汶川新闻综合, URL: rtmp://live.iwcmt.cn:1936/live/zhxw, IPv_Type: ipv6, Location: 中国, ISP: 中国移动, Date: None, Delay: -1 ms, Speed: inf M/s, Resolution: 1920x1080
Name: 汶川新闻综合, URL: http://live.iwcmt.cn:90/live/zhxw.m3u8, IPv_Type: ipv6, Location: 中国, ISP: 中国移动, Date: None, Delay: 505 ms, Speed: 0.00 M/s, Resolution: 1920x1080
Name: 汶川新闻综合, URL: http://live.iwcmt.cn:90/live/zhxw.m3u8, IPv_Type: ipv6, Location: 中国, ISP: 中国移动, Date: None, Delay: 505 ms, Speed: 0.00 M/s, Resolution: 1920x1080
Name: 汶川新闻综合, URL: http://live.iwcmt.cn:90/live/zhxw.m3u8?zsicd, IPv_Type: ipv6, Location: 中国, ISP: 中国移动, Date: None, Delay: 505 ms, Speed: 0.00 M/s, Resolution: 1920x1080
Name: 沐川综合, URL: rtmp://tv.mcrm.org.cn:1935/channellive/tv01, IPv_Type: ipv4, Location: 中国-四川-乐山, ISP: 电信, Date: None, Delay: -1 ms, Speed: inf M/s, Resolution: 1920x1080
Name: 泸县新闻综合, URL: https://m3u8channel.ganzitv.com/nmip-media/channellive/channel1/playlist.m3u8, IPv_Type: ipv6, Location: 中国, ISP: 中国电信, Date: None, Delay: 2238 ms, Speed: 0.84 M/s, Resolution: 1920x1080
Name: 泸县新闻综合, URL: https://m3u8channel.ganzitv.com/nmip-media/channellive/channel1/playlist.m3u8, IPv_Type: ipv6, Location: 中国, ISP: 中国电信, Date: None, Delay: 2238 ms, Speed: 0.84 M/s, Resolution: 1920x1080
Name: 甘孜综合, URL: rtmp://tv.drs.ganzitv.com/channellive/gztv, IPv_Type: ipv4, Location: 中国-四川-甘孜藏族自治州, ISP: 电信, Date: None, Delay: -1 ms, Speed: inf M/s, Resolution: 1280x720
Name: 甘孜综合, URL: https://m3u8channel.ganzitv.com/nmip-media/channellive/channel1/playlist.m3u8, IPv_Type: ipv6, Location: 中国, ISP: 中国电信, Date: None, Delay: 2238 ms, Speed: 0.84 M/s, Resolution: 1920x1080
Name: 荥经综合, URL: https://m3u8channel-yj.yunxya.com/nmip-media/channellive/channel101140/playlist.m3u8, IPv_Type: ipv4, Location: 中国-浙江-宁波, ISP: 电信, Date: None, Delay: 2315 ms, Speed: 0.76 M/s, Resolution: 1920x1080
Name: 荥经综合, URL: https://m3u8channel-yj.yunxya.com/nmip-media/channellive/channel101140/playlist.m3u8, IPv_Type: ipv4, Location: 中国-浙江-宁波, ISP: 电信, Date: None, Delay: 2315 ms, Speed: 0.76 M/s, Resolution: 1920x1080
Name: 金川新闻综合, URL: rtmp://live.jinchuanrmt.com/live/zhxw, IPv_Type: ipv4, Location: 中国-四川, ISP: 电信, Date: None, Delay: -1 ms, Speed: inf M/s, Resolution: 1920x1080
Name: 金川新闻综合, URL: rtmp://139.203.180.9/live/zhxw, IPv_Type: ipv4, Location: 中国-四川, ISP: 电信, Date: None, Delay: -1 ms, Speed: inf M/s, Resolution: 1920x1080
Name: 长宁综合, URL: rtmp://cnpull.sccnfb.com/live/123456, IPv_Type: ipv4, Location: 中国-河南-信阳, ISP: 电信, Date: None, Delay: -1 ms, Speed: inf M/s, Resolution: 1920x1080
Name: 长宁综合, URL: http://cnpull.sccnfb.com:80/live/123456.m3u8, IPv_Type: ipv4, Location: 中国-河南-信阳, ISP: 电信, Date: None, Delay: 1702 ms, Speed: 0.58 M/s, Resolution: 1920x1080
Name: 长宁综合, URL: http://cnpull.sccnfb.com:80/live/123456.m3u8, IPv_Type: ipv4, Location: 中国-河南-信阳, ISP: 电信, Date: None, Delay: 1702 ms, Speed: 0.58 M/s, Resolution: 1920x1080
Name: 青川综合, URL: http://qcfile.qcrmt.com/nmip-media/channellive/channel100933/playlist.m3u8, IPv_Type: ipv4, Location: 中国-四川, ISP: 广电网, Date: None, Delay: 12503 ms, Speed: 0.03 M/s, Resolution: 1920x1080
Name: 青川综合, URL: http://qcfile.qcrmt.com/nmip-media/channellive/channel100933/playlist.m3u8, IPv_Type: ipv4, Location: 中国-四川, ISP: 广电网, Date: None, Delay: 12503 ms, Speed: 0.03 M/s, Resolution: 1920x1080
Name: 马尔康综合, URL: rtmp://live.zmmek.com/live/zhxw, IPv_Type: ipv4, Location: 中国-四川-阿坝藏族羌族自治州, ISP: 联通, Date: None, Delay: 5521 ms, Speed: 0.00 M/s, Resolution: None
Name: 马尔康综合, URL: rtmp://live.zmmek.com/live/zhxw, IPv_Type: ipv4, Location: 中国-四川-阿坝藏族羌族自治州, ISP: 联通, Date: None, Delay: 5521 ms, Speed: 0.00 M/s, Resolution: None
Name: 陕西新闻资讯, URL: https://mgtv.ottiptv.cc/migu/956909289.m3u8?migutoken=d4f3f5a8bf93821548ae70c6bd12860956574c27b3b1ef52c88c8e3d72259b1727a6dbf5d6a5de850afac4c7ffe2f2124bb3b558a89906cd32ccc8913f0f22dd74b7a84514b6015bff75903d9c, IPv_Type: ipv6, Location: 美国, ISP: Oracle Corporation, Date: None, Delay: 26 ms, Speed: 18.39 M/s, Resolution: 1920x1080
Name: 陕西都市青春, URL: https://mgtv.ottiptv.cc/migu/956909358.m3u8?migutoken=4cf3f867e79f9494e62cbc8b5d757a78e79ff66d191ea864509ff0dc13d88ddc03087fd1fd7ccec258f26a4ea16f3c30109c13bc364445a9d4bc1caf7778d04506b0d73ac361e7471ad0e947be, IPv_Type: ipv6, Location: 美国-新泽西州-巴赛克, ISP: DigitalOcean, Date: None, Delay: 26 ms, Speed: 18.39 M/s, Resolution: 1920x1080
Name: 陕西都市青春, URL: https://mgtv.ottiptv.cc/migu/956909358.m3u8?migutoken=c3931ea9d3d7ede24a9d13084dadcc55f7f21b114c6c584ca7defd6492ba46b7286dbd751d0f853f83e998e4b0349c62cf4bc570ac83667c4f6bd49a9411edc68e80c1d7f24da79a264d15912b, IPv_Type: ipv6, Location: 美国, ISP: Oracle Corporation, Date: None, Delay: 26 ms, Speed: 18.39 M/s, Resolution: 1920x1080
Name: 陕西公共, URL: http://ls.qingting.fm/live/1222.m3u8, IPv_Type: ipv6, Location: 中国-广东-东莞, ISP: 电信, Date: None, Delay: 1320 ms, Speed: 0.04 M/s, Resolution: 1920x1080
Name: 陕西体育休闲, URL: https://mgtv.ottiptv.cc/migu/956909356.m3u8?migutoken=537f41b132752ddecf45c6961f259728d075da371d21ce377b97c0dd87c77f01af39317b659e123c4ec137e20015acfabca007171dd79dd783c71207f78bb4f93b09ebe63db4a8a71c59a92674, IPv_Type: ipv6, Location: 美国-新泽西州-巴赛克, ISP: DigitalOcean, Date: None, Delay: 26 ms, Speed: 18.39 M/s, Resolution: 1920x1080
Name: 陕西体育休闲, URL: https://mgtv.ottiptv.cc/migu/956909356.m3u8?migutoken=2cd1b3120e6a6d3cec136ca61cb23c24512860d4956d391b8c7d8a1fce58c3fa549930217eede8887c05f73eb24ac9692be10bdd06557f58130ff6717e37e1b6ba38adfacf8e74298fe1d4f48c, IPv_Type: ipv6, Location: 美国, ISP: Oracle Corporation, Date: None, Delay: 26 ms, Speed: 18.39 M/s, Resolution: 1920x1080
Name: 陕西影视, URL: http://php.jdshipin.com:8880/qly.php?id=6329, IPv_Type: ipv6, Location: 美国, ISP: CloudFlare Inc., Date: None, Delay: 2820 ms, Speed: 0.49 M/s, Resolution: 1920x1080
Name: 三明新闻综合, URL: https://ls.qingting.fm/live/5022100/64k.m3u8, IPv_Type: ipv6, Location: 中国-广东-东莞, ISP: 电信, Date: None, Delay: 1514 ms, Speed: 0.05 M/s, Resolution: 1920x1080
Name: 三明新闻综合, URL: http://ls.qingting.fm/live/4885.m3u8, IPv_Type: ipv6, Location: 中国-广东-东莞, ISP: 电信, Date: None, Delay: 1320 ms, Speed: 0.04 M/s, Resolution: 1920x1080
Name: 云霄综合, URL: http://live.zzyxxw.com:85/live/xwzh.m3u8?fujian, IPv_Type: ipv6, Location: 中国, ISP: 中国电信, Date: None, Delay: 533 ms, Speed: 0.00 M/s, Resolution: 1920x1080
Name: 云霄综合, URL: http://live.zzyxxw.com:85/live/xwzh.m3u8?fujian, IPv_Type: ipv6, Location: 中国, ISP: 中国电信, Date: None, Delay: 533 ms, Speed: 0.00 M/s, Resolution: 1920x1080
Name: 厦门卫视, URL: https://epg.pw/stream/aa65dd411565991ace44f9e5934bd018fdd52122e052d471a363b6ee839e1079.ctv, IPv_Type: ipv6, Location: 美国, ISP: CloudFlare Inc., Date: None, Delay: 874 ms, Speed: 0.73 M/s, Resolution: 1920x1080
Name: 福州少儿, URL: http://live.zohi.tv/video/s10001-fztv-4/index.m3u8, IPv_Type: ipv6, Location: 中国, ISP: 中国电信, Date: None, Delay: 2067 ms, Speed: 1.44 M/s, Resolution: 1920x1080
Name: 福州生活, URL: http://live.zohi.tv:80/video/s10001-fztv-3/index.m3u8, IPv_Type: ipv6, Location: 中国, ISP: 中国电信, Date: None, Delay: 2067 ms, Speed: 1.44 M/s, Resolution: 1920x1080
Name: 福州综合, URL: http://live.zohi.tv/video/s10001-fztv-1/index.m3u8, IPv_Type: ipv6, Location: 中国, ISP: 中国电信, Date: None, Delay: 2067 ms, Speed: 1.44 M/s, Resolution: 1920x1080
Name: 福建新闻, URL: http://satellitepull.cnr.cn/live/wx32fjxwgb/playlist.m3u8, IPv_Type: ipv4, Location: 美国-德克萨斯州-达拉斯, ISP: 网宿科技CDN节点, Date: None, Delay: 6 ms, Speed: 16.96 M/s, Resolution: None
Name: 福建新闻, URL: https://satellitepull.cnr.cn/live/wx32fjxwgb/playlist.m3u8, IPv_Type: ipv4, Location: 美国-德克萨斯州-达拉斯, ISP: 网宿科技CDN节点, Date: None, Delay: 11 ms, Speed: 11.21 M/s, Resolution: None
Name: 福建新闻, URL: http://live.xmcdn.com/live/792/64.m3u8, IPv_Type: ipv4, Location: 美国-德克萨斯州-达拉斯, ISP: 网宿科技CDN节点, Date: None, Delay: 982 ms, Speed: 0.06 M/s, Resolution: None
Name: 福建新闻, URL: http://live.xmcdn.com/live/792/64.m3u8, IPv_Type: ipv4, Location: 美国-德克萨斯州-达拉斯, ISP: 网宿科技CDN节点, Date: None, Delay: 982 ms, Speed: 0.06 M/s, Resolution: None
Name: 福建经济, URL: http://satellitepull.cnr.cn/live/wx32fjdnjjgb/playlist.m3u8, IPv_Type: ipv4, Location: 美国-德克萨斯州-达拉斯, ISP: 网宿科技CDN节点, Date: None, Delay: 6 ms, Speed: 16.96 M/s, Resolution: None
Name: 福建经济, URL: http://live.xmcdn.com/live/789/64.m3u8, IPv_Type: ipv4, Location: 美国-德克萨斯州-达拉斯, ISP: 网宿科技CDN节点, Date: None, Delay: 982 ms, Speed: 0.06 M/s, Resolution: None
Name: 海南新闻, URL: https://satellitepull.cnr.cn/live/wxhainxwgb/playlist.m3u8, IPv_Type: ipv4, Location: 美国-德克萨斯州-达拉斯, ISP: 网宿科技CDN节点, Date: None, Delay: 11 ms, Speed: 11.21 M/s, Resolution: None
Name: 海南新闻, URL: http://ls.qingting.fm/live/1861.m3u8, IPv_Type: ipv6, Location: 中国-广东-东莞, ISP: 电信, Date: None, Delay: 1320 ms, Speed: 0.04 M/s, Resolution: 1920x1080
Name: 海南自贸, URL: http://nn.7x9d.cn/地方台8563/海南.php?id=jjpd, IPv_Type: ipv4, Location: 中国-江苏-宿迁, ISP: 七星云BGP数据中心, Date: None, Delay: 1501 ms, Speed: 0.43 M/s, Resolution: 1280x720
Name: 海南自贸, URL: http://nn.7x9d.cn/地方台8563/海南.php?id=jjpd, IPv_Type: ipv4, Location: 中国-江苏-宿迁, ISP: 七星云BGP数据中心, Date: None, Delay: 1501 ms, Speed: 0.43 M/s, Resolution: 1280x720
Name: 海南文旅, URL: http://nn.7x9d.cn/地方台8563/海南.php?id=wlpd, IPv_Type: ipv4, Location: 中国-江苏-宿迁, ISP: 七星云BGP数据中心, Date: None, Delay: 1501 ms, Speed: 0.43 M/s, Resolution: 1280x720
Name: 海南少儿, URL: http://nn.7x9d.cn/地方台8563/海南.php?id=sepd, IPv_Type: ipv4, Location: 中国-江苏-宿迁, ISP: 七星云BGP数据中心, Date: None, Delay: 1501 ms, Speed: 0.43 M/s, Resolution: 1280x720
Name: 海南公共, URL: http://nn.7x9d.cn/地方台8563/海南.php?id=ggpd, IPv_Type: ipv4, Location: 中国-江苏-宿迁, ISP: 七星云BGP数据中心, Date: None, Delay: 1501 ms, Speed: 0.43 M/s, Resolution: 1280x720
Name: 河南都市, URL: http://1.94.31.214/php/hntv.php?id=hnds, IPv_Type: ipv4, Location: 中国-上海-上海, ISP: 华为云, Date: None, Delay: 18 ms, Speed: 54.69 M/s, Resolution: 1920x1080
Name: 河南民生, URL: http://61.163.181.78:85/tsfile/live/1005_1.m3u8?key=txiptv&amp;playlive=1&amp;authid=0, IPv_Type: ipv4, Location: 中国-河南-驻马店, ISP: 联通, Date: 2024-02-07, Delay: 12196 ms, Speed: 0.05 M/s, Resolution: 1920x1080
Name: 河南民生, URL: http://61.163.181.78:85/tsfile/live/1005_1.m3u8?key=txiptv&amp;playlive=1&amp;authid=0, IPv_Type: ipv4, Location: 中国-河南-驻马店, ISP: 联通, Date: 2024-02-07, Delay: 12196 ms, Speed: 0.05 M/s, Resolution: 1920x1080
Name: 河南民生, URL: http://61.163.181.78/rtp/225.1.4.53:1082$河南联通组播源-cache:61.163.181.78, IPv_Type: ipv4, Location: 中国-河南-驻马店, ISP: 联通, Date: 2024-02-07, Delay: 12196 ms, Speed: 0.05 M/s, Resolution: 1920x1080
Name: 邢台综合, URL: https://jwplay.hebyun.com.cn:443/live/xtsrmtzs/1500k/tzwj_video.m3u8, IPv_Type: ipv6, Location: 中国, ISP: 中国联通, Date: None, Delay: 2744 ms, Speed: 1.16 M/s, Resolution: 1920x1080
Name: 邢台综合, URL: https://jwplay.hebyun.com.cn:443/live/xtsrmtzs/1500k/tzwj_video.m3u8, IPv_Type: ipv6, Location: 中国, ISP: 中国联通, Date: None, Delay: 2744 ms, Speed: 1.16 M/s, Resolution: 1920x1080
Name: 衡水公共, URL: http://ls.qingting.fm/live/2810.m3u8, IPv_Type: ipv6, Location: 中国-广东-东莞, ISP: 电信, Date: None, Delay: 1320 ms, Speed: 0.04 M/s, Resolution: 1920x1080
Name: 石家庄新闻综合, URL: http://nn.7x9d.cn/石家庄.php?id=4, IPv_Type: ipv4, Location: 中国-江苏-宿迁, ISP: 七星云BGP数据中心, Date: None, Delay: 1501 ms, Speed: 0.43 M/s, Resolution: 1280x720
Name: 河北都市, URL: rtmp://tv.pull.hebtv.com/jishi/dushipindao?t=2510710360&k=b43f406360a945d199904faf3b6e2c18, IPv_Type: ipv6, Location: 中国, ISP: 中国电信, Date: None, Delay: -1 ms, Speed: inf M/s, Resolution: 1920x1080
Name: 河北都市, URL: https://jwplay.hebyun.com.cn/live/hbdstv/1500k/tzwj_video.m3u8#http://tv.pull.hebtv.com/jishi/dushipindao.m3u8?t=2510710360&k=4380da13735a230c080ce8ff404033af, IPv_Type: ipv6, Location: 中国, ISP: 中国联通, Date: None, Delay: 2744 ms, Speed: 1.16 M/s, Resolution: 1920x1080
Name: 河北都市, URL: https://event.pull.hebtv.com/jishi/dushipindao.m3u8, IPv_Type: ipv6, Location: 中国, ISP: 中国电信, Date: None, Delay: 3365 ms, Speed: 1.12 M/s, Resolution: 1920x1080
Name: 河北农民, URL: https://jwplay.hebyun.com.cn/zb/hbnmtv/1500k/tzwj_video.m3u8?zhebd, IPv_Type: ipv6, Location: 中国, ISP: 中国联通, Date: None, Delay: 2744 ms, Speed: 1.16 M/s, Resolution: 1920x1080
Name: 河北农民, URL: https://jwplay.hebyun.com.cn/live/hbnmtv/1500k/tzwj_video.m3u8?zhebd#http://hbfc.chinashadt.com:2036/live/1003.stream/playlist.m3u8#http://tv.pull.hebtv.com/jishi/nongminpindao.m3u8?t=2510710360&k=75118c17760542fe4385e93cc4f03d38, IPv_Type: ipv6, Location: 中国, ISP: 中国联通, Date: None, Delay: 2744 ms, Speed: 1.16 M/s, Resolution: 1920x1080
Name: 河北农民, URL: https://event.pull.hebtv.com/jishi/nongminpindao.m3u8, IPv_Type: ipv6, Location: 中国, ISP: 中国电信, Date: None, Delay: 3365 ms, Speed: 1.12 M/s, Resolution: 1920x1080
Name: 河北农民, URL: https://ls.qingting.fm/live/1650/64k.m3u8, IPv_Type: ipv6, Location: 中国-广东-东莞, ISP: 电信, Date: None, Delay: 1514 ms, Speed: 0.05 M/s, Resolution: 1920x1080
Name: 河北农民, URL: http://ls.qingting.fm/live/1650.m3u8, IPv_Type: ipv6, Location: 中国-广东-东莞, ISP: 电信, Date: None, Delay: 1320 ms, Speed: 0.04 M/s, Resolution: 1920x1080
Name: 衡山, URL: http://live.hznet.tv:1935/live/live1/500K/tzwj_video.m3u8, IPv_Type: ipv4, Location: 中国-山东-菏泽, ISP: 联通, Date: None, Delay: 12137 ms, Speed: 0.04 M/s, Resolution: None
Name: 衡山, URL: http://live.hznet.tv:1935/live/live1/500K/tzwj_video.m3u8, IPv_Type: ipv4, Location: 中国-山东-菏泽, ISP: 联通, Date: None, Delay: 12137 ms, Speed: 0.04 M/s, Resolution: None
Name: 安顺新闻, URL: http://hplayer1.juyun.tv/camera/154379194.m3u8, IPv_Type: ipv6, Location: 中国, ISP: 中国联通, Date: None, Delay: 1451 ms, Speed: 0.36 M/s, Resolution: 1920x1080
Name: 安顺新闻, URL: http://hplayer1.juyun.tv/camera/154379194.m3u8, IPv_Type: ipv6, Location: 中国, ISP: 中国联通, Date: None, Delay: 1451 ms, Speed: 0.36 M/s, Resolution: 1920x1080
Name: 安顺新闻, URL: https://ls.qingting.fm/live/5022203/64k.m3u8, IPv_Type: ipv6, Location: 中国-广东-东莞, ISP: 电信, Date: None, Delay: 1514 ms, Speed: 0.05 M/s, Resolution: 1920x1080
Name: 甘肃经济, URL: https://satellitepull.cnr.cn/live/wxgshhzs/playlist.m3u8, IPv_Type: ipv4, Location: 美国-德克萨斯州-达拉斯, ISP: 网宿科技CDN节点, Date: None, Delay: 11 ms, Speed: 11.21 M/s, Resolution: None
Name: 甘肃都市, URL: https://satellitepull.cnr.cn/live/wxgsdstb/playlist.m3u8, IPv_Type: ipv4, Location: 美国-德克萨斯州-达拉斯, ISP: 网宿科技CDN节点, Date: None, Delay: 11 ms, Speed: 11.21 M/s, Resolution: None
Name: 嘉峪关综合, URL: http://play.kankanlive.com/live/1720583434627241.m3u8, IPv_Type: ipv4, Location: 中国-河北-廊坊, ISP: 联通, Date: None, Delay: 1537 ms, Speed: 1.19 M/s, Resolution: 1920x1080
Name: 嘉峪关综合, URL: http://play.kankanlive.com/live/1720583434627241.m3u8, IPv_Type: ipv4, Location: 中国-河北-廊坊, ISP: 联通, Date: None, Delay: 1537 ms, Speed: 1.19 M/s, Resolution: 1920x1080
Name: 岷县综合, URL: http://play.kankanlive.com/live/1614311581479927.m3u8?zgand, IPv_Type: ipv4, Location: 中国-山东-青岛, ISP: 联通, Date: None, Delay: 1537 ms, Speed: 1.19 M/s, Resolution: 1920x1080
Name: 平凉新闻综合, URL: http://play.kankanlive.com/live/1720583434627241.m3u8, IPv_Type: ipv4, Location: 中国-山东-青岛, ISP: 联通, Date: None, Delay: 1537 ms, Speed: 1.19 M/s, Resolution: 1920x1080
Name: 张掖新闻综合, URL: http://play.kankanlive.com/live/1720583434627241.m3u8, IPv_Type: ipv4, Location: 中国-山东-青岛, ISP: 联通, Date: None, Delay: 1537 ms, Speed: 1.19 M/s, Resolution: 1920x1080
Name: 永昌综合, URL: rtmp://play.kankanlive.com/live/1652755738635915, IPv_Type: ipv4, Location: 中国-山东-青岛, ISP: 联通, Date: None, Delay: -1 ms, Speed: inf M/s, Resolution: 1280x720
Name: 永昌综合, URL: http://play.kankanlive.com/live/1720408280309109.m3u8, IPv_Type: ipv4, Location: 中国-河北-廊坊, ISP: 联通, Date: None, Delay: 1537 ms, Speed: 1.19 M/s, Resolution: 1920x1080
Name: 渭源新闻, URL: http://play.kankanlive.com/live/1720408280309109.m3u8, IPv_Type: ipv4, Location: 中国-河北-廊坊, ISP: 联通, Date: None, Delay: 1537 ms, Speed: 1.19 M/s, Resolution: 1920x1080
Name: 甘南藏语, URL: http://play.kankanlive.com/live/1720408280309109.m3u8, IPv_Type: ipv4, Location: 中国-山东-青岛, ISP: 联通, Date: None, Delay: 1537 ms, Speed: 1.19 M/s, Resolution: 1920x1080
Name: 白银文化教育, URL: http://play.kankanlive.com/live/1720408280309109.m3u8, IPv_Type: ipv4, Location: 中国-山东-青岛, ISP: 联通, Date: None, Delay: 1537 ms, Speed: 1.19 M/s, Resolution: 1920x1080
Name: 白银综合, URL: http://play.kankanlive.com/live/1720408089419110.m3u8, IPv_Type: ipv4, Location: 中国-山东-青岛, ISP: 联通, Date: None, Delay: 1537 ms, Speed: 1.19 M/s, Resolution: 1920x1080
Name: 秦安综合, URL: http://play.kankanlive.com/live/1683944827526991.m3u8, IPv_Type: ipv4, Location: 中国-河北, ISP: 联通, Date: None, Delay: 1537 ms, Speed: 1.19 M/s, Resolution: 1920x1080
Name: 西峰综合, URL: http://play.kankanlive.com/live/1683944827526991.m3u8, IPv_Type: ipv4, Location: 中国-山东-青岛, ISP: 联通, Date: None, Delay: 1537 ms, Speed: 1.19 M/s, Resolution: 1920x1080
Name: 靖远综合, URL: http://play.kankanlive.com/live/1692005762394912.m3u8, IPv_Type: ipv4, Location: 中国-山东-青岛, ISP: 联通, Date: None, Delay: 1537 ms, Speed: 1.19 M/s, Resolution: 1920x1080
Name: 哈密一套, URL: https://tvpull.hmgbtv.com/hmtv/channel9cd66b3d5d258b2b.flv, IPv_Type: ipv4, Location: 美国-伊利诺伊州-库克, ISP: 网宿CDN节点, Date: None, Delay: 524 ms, Speed: 0.17 M/s, Resolution: 1920x1080
Name: 哈密一套, URL: https://tvpull.hmgbtv.com/hmtv/channel9cd66b3d5d258b2b.flv, IPv_Type: ipv4, Location: 美国-伊利诺伊州-库克, ISP: 网宿CDN节点, Date: None, Delay: 524 ms, Speed: 0.17 M/s, Resolution: 1920x1080
Name: 哈密二套, URL: https://tvpull.hmgbtv.com/hmtv/channel108259412c6a6711/playlist.m3u8, IPv_Type: ipv4, Location: 美国-伊利诺伊州-库克, ISP: 网宿CDN节点, Date: None, Delay: 524 ms, Speed: 0.17 M/s, Resolution: 1920x1080
Name: 哈密三套, URL: https://tvpull.hmgbtv.com/hmtv/channelfb0e5c505477aa44/playlist.m3u8, IPv_Type: ipv4, Location: 美国-伊利诺伊州-库克, ISP: 网宿CDN节点, Date: None, Delay: 524 ms, Speed: 0.17 M/s, Resolution: 1920x1080
Name: 兵团五师双河新闻综合, URL: http://liveout.btzx.com.cn/62ds9e/4nxdih.m3u8?fbl=, IPv_Type: ipv4, Location: 中国-河南-信阳, ISP: 电信, Date: None, Delay: 1321 ms, Speed: 0.32 M/s, Resolution: 720x576
Name: 兵团五师双河新闻综合, URL: http://liveout.btzx.com.cn/62ds9e/4nxdih.m3u8?fbl=, IPv_Type: ipv4, Location: 中国-河南-信阳, ISP: 电信, Date: None, Delay: 1321 ms, Speed: 0.32 M/s, Resolution: 720x576
Name: 兵团五师双河新闻综合, URL: https://liveout.btzx.com.cn/62ds9e/4nxdih.m3u8?zxinjd, IPv_Type: ipv4, Location: 中国-河南-信阳, ISP: 电信, Date: None, Delay: 2420 ms, Speed: 0.21 M/s, Resolution: 720x576
Name: 兵团五师双河新闻综合, URL: https://liveout.btzx.com.cn/62ds9e/4nxdih.m3u8?zxinjd, IPv_Type: ipv4, Location: 中国-河南-信阳, ISP: 电信, Date: None, Delay: 2420 ms, Speed: 0.21 M/s, Resolution: 720x576
Name: 奎屯哈萨克语, URL: http://218.84.12.186:8002/hls/main/playlist.m3u8, IPv_Type: ipv4, Location: 中国-新疆-伊犁哈萨克自治州, ISP: 电信, Date: None, Delay: 12891 ms, Speed: 0.04 M/s, Resolution: 1920x1080
Name: 奎屯哈萨克语, URL: http://218.84.12.186:8002/hls/main/playlist.m3u8, IPv_Type: ipv4, Location: 中国-新疆-伊犁哈萨克自治州, ISP: 电信, Date: None, Delay: 12891 ms, Speed: 0.04 M/s, Resolution: 1920x1080
Name: 奎屯哈萨克语, URL: http://218.84.12.186:8002/hls/main/playlist.m3u8?zxinjd, IPv_Type: ipv4, Location: 中国-新疆-伊犁哈萨克自治州, ISP: 电信, Date: None, Delay: 12891 ms, Speed: 0.04 M/s, Resolution: 1920x1080
Name: 玛纳斯综合, URL: http://218.84.127.245:1026/hls/main1/playlist.m3u8?zxinjd, IPv_Type: ipv4, Location: 中国-新疆-昌吉回族自治州, ISP: 电信, Date: None, Delay: 6568 ms, Speed: 0.22 M/s, Resolution: 1920x1080
Name: 玛纳斯综合, URL: http://218.84.127.245:1026/hls/main1/playlist.m3u8?zxinjd, IPv_Type: ipv4, Location: 中国-新疆-昌吉回族自治州, ISP: 电信, Date: None, Delay: 6568 ms, Speed: 0.22 M/s, Resolution: 1920x1080
Name: 新疆卫视, URL: http://satellitepull.cnr.cn/live/wxxjws/playlist.m3u8, IPv_Type: ipv4, Location: 美国-德克萨斯州-达拉斯, ISP: 网宿科技CDN节点, Date: None, Delay: 6 ms, Speed: 16.96 M/s, Resolution: None
Name: 新疆卫视, URL: http://php.jdshipin.com/TVOD/hljyd.php?id=3221225635, IPv_Type: ipv6, Location: 美国, ISP: CloudFlare Inc., Date: None, Delay: 2820 ms, Speed: 0.49 M/s, Resolution: 1920x1080
Name: 可克达拉综合, URL: rtmp://liveout.btzx.com.cn/62ds9e/4nxdih, IPv_Type: ipv4, Location: 中国-河南-信阳, ISP: 电信, Date: None, Delay: -1 ms, Speed: inf M/s, Resolution: 720x576
Name: 可克达拉综合, URL: http://file.loulannews.cn/nmip-media/channellive/channel103824/playlist.m3u8, IPv_Type: ipv4, Location: 中国-新疆, ISP: 移动, Date: None, Delay: 12566 ms, Speed: 0.16 M/s, Resolution: 1920x1080
Name: 可克达拉综合, URL: http://file.loulannews.cn/nmip-media/channellive/channel103824/playlist.m3u8, IPv_Type: ipv4, Location: 中国-新疆, ISP: 移动, Date: None, Delay: 12566 ms, Speed: 0.16 M/s, Resolution: 1920x1080
Name: 巴音郭楞州, URL: rtmp://tv.loulannews.cn/channellive/ch1, IPv_Type: ipv4, Location: 中国-新疆, ISP: 移动, Date: None, Delay: -1 ms, Speed: inf M/s, Resolution: 1920x1080
Name: 石河子教育, URL: rtmp://124.88.144.73:1935/live/jiaoyu, IPv_Type: ipv4, Location: 中国-新疆-石河子, ISP: 联通, Date: None, Delay: -1 ms, Speed: inf M/s, Resolution: 1920x1080
Name: 山东新闻, URL: http://live.xmcdn.com/live/1440/64.m3u8, IPv_Type: ipv4, Location: 美国-德克萨斯州-达拉斯, ISP: 网宿科技CDN节点, Date: None, Delay: 982 ms, Speed: 0.06 M/s, Resolution: None
Name: 山东新闻, URL: http://ls.qingting.fm/live/60180.m3u8, IPv_Type: ipv6, Location: 中国-广东-东莞, ISP: 电信, Date: None, Delay: 1320 ms, Speed: 0.04 M/s, Resolution: 1920x1080
Name: 山东教育, URL: http://61.163.181.78/rtp/225.1.4.164:1205$河南联通组播源-cache:61.163.181.78, IPv_Type: ipv4, Location: 中国-河南-驻马店, ISP: 联通, Date: 2024-02-07, Delay: 12196 ms, Speed: 0.05 M/s, Resolution: 1920x1080
Name: 山东生活, URL: http://live.xmcdn.com/live/802/64.m3u8, IPv_Type: ipv4, Location: 美国-德克萨斯州-达拉斯, ISP: 网宿科技CDN节点, Date: None, Delay: 982 ms, Speed: 0.06 M/s, Resolution: None
Name: 山东生活, URL: http://ls.qingting.fm/live/60260.m3u8, IPv_Type: ipv6, Location: 中国-广东-东莞, ISP: 电信, Date: None, Delay: 1320 ms, Speed: 0.04 M/s, Resolution: 1920x1080
Name: 山东体育, URL: http://satellitepull.cnr.cn/live/wxsdtyxxgb/playlist.m3u8, IPv_Type: ipv4, Location: 美国-德克萨斯州-达拉斯, ISP: 网宿科技CDN节点, Date: None, Delay: 6 ms, Speed: 16.96 M/s, Resolution: None
Name: 山东体育, URL: https://satellitepull.cnr.cn/live/wxsdtyxxgb/playlist.m3u8, IPv_Type: ipv4, Location: 美国-德克萨斯州-达拉斯, ISP: 网宿科技CDN节点, Date: None, Delay: 11 ms, Speed: 11.21 M/s, Resolution: None
Name: 山东体育, URL: http://123.129.70.178:9901/tsfile/live/1001_1.m3u8?key=txiptv&amp;playlive=1&amp;authid=0, IPv_Type: ipv4, Location: 中国-山东-东营, ISP: 联通, Date: 2024-02-07, Delay: 12233 ms, Speed: 0.11 M/s, Resolution: 720x576
Name: 山东体育, URL: http://123.129.70.178:9901/tsfile/live/1001_1.m3u8?key=txiptv&amp;playlive=1&amp;authid=0, IPv_Type: ipv4, Location: 中国-山东-东营, ISP: 联通, Date: 2024-02-07, Delay: 12233 ms, Speed: 0.11 M/s, Resolution: 720x576
Name: 山东体育, URL: http://123.129.70.178:9901/tsfile/live/1001_1.m3u8?key=txiptv&amp;amp;playlive=1&amp;amp;authid=0, IPv_Type: ipv4, Location: 中国-山东-东营, ISP: 联通, Date: None, Delay: 12233 ms, Speed: 0.11 M/s, Resolution: 720x576
Name: 山东体育, URL: http://123.129.70.178/rtp/239.253.254.22:8000$山东联通组播源-cache:123.129.70.178, IPv_Type: ipv4, Location: 中国-山东-东营, ISP: 联通, Date: 2024-02-07, Delay: 12233 ms, Speed: 0.11 M/s, Resolution: 720x576
Name: 山东体育, URL: http://live.xmcdn.com/live/805/64.m3u8, IPv_Type: ipv4, Location: 美国-德克萨斯州-达拉斯, ISP: 网宿科技CDN节点, Date: None, Delay: 982 ms, Speed: 0.06 M/s, Resolution: None
Name: 山东文旅, URL: http://123.129.70.178/rtp/239.253.254.160:8000$山东联通组播源-cache:123.129.70.178, IPv_Type: ipv4, Location: 中国-山东-东营, ISP: 联通, Date: 2024-02-07, Delay: 12233 ms, Speed: 0.11 M/s, Resolution: 720x576
Name: 山东综艺, URL: http://123.129.70.178/rtp/239.253.254.159:8000$山东联通组播源-cache:123.129.70.178, IPv_Type: ipv4, Location: 中国-山东-东营, ISP: 联通, Date: 2024-02-07, Delay: 12233 ms, Speed: 0.11 M/s, Resolution: 720x576
Name: 菏泽一套新闻综合, URL: http://live.hznet.tv:1935/live/live1/500K/tzwj_video.m3u8, IPv_Type: ipv4, Location: 中国-山东-菏泽, ISP: 联通, Date: None, Delay: 12137 ms, Speed: 0.04 M/s, Resolution: None
Name: 菏泽三套影视, URL: http://live.hznet.tv:1935/live/live3/500K/tzwj_video.m3u8, IPv_Type: ipv4, Location: 中国-山东-菏泽, ISP: 联通, Date: None, Delay: 12137 ms, Speed: 0.04 M/s, Resolution: None
Name: 菏泽影, URL: http://live.hznet.tv:1935/live/live3/500K/tzwj_video.m3u8?shandd, IPv_Type: ipv4, Location: 中国-山东-菏泽, ISP: 联通, Date: None, Delay: 12137 ms, Speed: 0.04 M/s, Resolution: None
Name: 菏泽新闻综合, URL: http://live.hznet.tv:1935/live/live1/500K/tzwj_video.m3u8, IPv_Type: ipv4, Location: 中国-山东-菏泽, ISP: 联通, Date: None, Delay: 12137 ms, Speed: 0.04 M/s, Resolution: None
Name: 菏泽新闻综合, URL: http://live.hznet.tv:1935/live/live1/500k/tzwj_video.m3u8, IPv_Type: ipv4, Location: 中国-山东-菏泽, ISP: 联通, Date: None, Delay: 12137 ms, Speed: 0.04 M/s, Resolution: None
Name: 菏泽经济生活, URL: http://live.hznet.tv:1935/live/live2/500K/tzwj_video.m3u8, IPv_Type: ipv4, Location: 中国-山东-菏泽, ISP: 联通, Date: None, Delay: 12137 ms, Speed: 0.04 M/s, Resolution: None
Name: 菏泽经济生活, URL: http://live.hznet.tv:1935/live/live2/500K/tzwj_video.m3u8?shandd, IPv_Type: ipv4, Location: 中国-山东-菏泽, ISP: 联通, Date: None, Delay: 12137 ms, Speed: 0.04 M/s, Resolution: None
Name: 菏泽经济生活, URL: http://live.hznet.tv:1935/live/live2/500k/tzwj_video.m3u8, IPv_Type: ipv4, Location: 中国-山东-菏泽, ISP: 联通, Date: None, Delay: 12137 ms, Speed: 0.04 M/s, Resolution: None
Name: 万荣综合, URL: http://60.222.246.220:19433/hls1.m3u8, IPv_Type: ipv4, Location: 中国-山西-运城, ISP: 联通, Date: None, Delay: 12544 ms, Speed: 0.06 M/s, Resolution: 720x404
Name: 万荣综合, URL: http://60.222.246.220:19433/hls1.m3u8, IPv_Type: ipv4, Location: 中国-山西-运城, ISP: 联通, Date: None, Delay: 12544 ms, Speed: 0.06 M/s, Resolution: 720x404
Name: 古县综合, URL: https://l2fpdktp.live.sxmty.com/live/hls/e4c3b363cc4549788e2d983f403e07db/d99ce1eb686e41b9afc888110bd95aa7.m3u8?zshanxd, IPv_Type: ipv6, Location: 中国, ISP: 中国电信, Date: None, Delay: 2688 ms, Speed: 0.70 M/s, Resolution: 1920x1080
Name: 古县综合, URL: https://l2fpdktp.live.sxmty.com/live/hls/e4c3b363cc4549788e2d983f403e07db/d99ce1eb686e41b9afc888110bd95aa7.m3u8?zshanxd, IPv_Type: ipv6, Location: 中国, ISP: 中国电信, Date: None, Delay: 2688 ms, Speed: 0.70 M/s, Resolution: 1920x1080
Name: 大宁综合, URL: http://live.daningtv.com/tv/playlist.m3u8, IPv_Type: ipv4, Location: 中国-河北-唐山, ISP: 联通, Date: None, Delay: 893 ms, Speed: 0.03 M/s, Resolution: 10x10
Name: 大宁综合, URL: http://live.daningtv.com/tv/playlist.m3u8, IPv_Type: ipv4, Location: 中国-河北-唐山, ISP: 联通, Date: None, Delay: 893 ms, Speed: 0.03 M/s, Resolution: 10x10
Name: 大宁综合, URL: http://live.daningtv.com/aac_dngb/playlist.m3u8, IPv_Type: ipv4, Location: 中国-河北-唐山, ISP: 联通, Date: None, Delay: 893 ms, Speed: 0.03 M/s, Resolution: 10x10
Name: 大宁综合, URL: http://live.daningtv.com/channel1/sd/live.m3u8?zshanxd, IPv_Type: ipv4, Location: 中国-河北-唐山, ISP: 联通, Date: None, Delay: 893 ms, Speed: 0.03 M/s, Resolution: 10x10
Name: 太谷新闻综合, URL: https://p2.vzan.com/slowlive/596867413819827251/live.m3u8?zbid=1725814272&amp;amp;tpid=1516989100&amp;amp;type=0, IPv_Type: ipv4, Location: 美国-加利福尼亚州-洛杉矶, ISP: Zenlayer数据中心, Date: None, Delay: 799 ms, Speed: 2.01 M/s, Resolution: 1920x1080
Name: 太谷新闻综合, URL: https://p2.vzan.com/slowlive/596867413819827251/live.m3u8?zbid=1725814272&amp;amp;tpid=1516989100&amp;amp;type=0, IPv_Type: ipv4, Location: 美国-加利福尼亚州-洛杉矶, ISP: Zenlayer数据中心, Date: None, Delay: 799 ms, Speed: 2.01 M/s, Resolution: 1920x1080
Name: 太谷新闻综合, URL: https://p2.vzan.com/slowlive/596867413819827251/live.m3u8?zbid=1725814272&amp;tpid=1516989100&amp;type=0, IPv_Type: ipv4, Location: 美国-加利福尼亚州-洛杉矶, ISP: Zenlayer数据中心, Date: None, Delay: 799 ms, Speed: 2.01 M/s, Resolution: 1920x1080
Name: 定襄综合, URL: http://lbyzztfe.live.sxmty.com/live/hls/645ff4c60e0a49f0a203abbd73dd8be9/0720e665f10f48e98c9639f4f492fb4a-1.m3u8?zshanxd, IPv_Type: ipv6, Location: 中国, ISP: 中国电信, Date: None, Delay: 2355 ms, Speed: 0.44 M/s, Resolution: 1920x1080
Name: 定襄综合, URL: http://lbyzztfe.live.sxmty.com/live/hls/645ff4c60e0a49f0a203abbd73dd8be9/0720e665f10f48e98c9639f4f492fb4a-1.m3u8?zshanxd, IPv_Type: ipv6, Location: 中国, ISP: 中国电信, Date: None, Delay: 2355 ms, Speed: 0.44 M/s, Resolution: 1920x1080
Name: 平遥新闻综合, URL: https://tntgjhjb.live.sxmty.com/live/hls/3a4585ac11ec4e1bb07b419101b370c3/baf63e2b313440c2a25d7859f9b73b05-1.m3u8?zshanxd, IPv_Type: ipv6, Location: 中国, ISP: 中国电信, Date: None, Delay: 2597 ms, Speed: 0.82 M/s, Resolution: 1920x1080
Name: 平遥新闻综合, URL: https://tntgjhjb.live.sxmty.com/live/hls/3a4585ac11ec4e1bb07b419101b370c3/baf63e2b313440c2a25d7859f9b73b05-1.m3u8?zshanxd, IPv_Type: ipv6, Location: 中国, ISP: 中国电信, Date: None, Delay: 2597 ms, Speed: 0.82 M/s, Resolution: 1920x1080
Name: 武乡新闻综合, URL: http://60.220.198.84:81/0.m3u8, IPv_Type: ipv4, Location: 中国-山西-长治, ISP: 联通, Date: None, Delay: 614 ms, Speed: 0.00 M/s, Resolution: 1280x720
Name: 武乡新闻综合, URL: http://60.220.198.84:81/0.m3u8, IPv_Type: ipv4, Location: 中国-山西-长治, ISP: 联通, Date: None, Delay: 614 ms, Speed: 0.00 M/s, Resolution: 1280x720
Name: 汾西综合, URL: https://qmmqvzoz.live.sxmty.com/live/hls/f24f8a390c084386a564074c9260100c/be3fdf07606145739ab2c4b80fe0136a.m3u8?zshanxd, IPv_Type: ipv6, Location: 中国, ISP: 中国电信, Date: None, Delay: 2044 ms, Speed: 0.46 M/s, Resolution: 1920x1080
Name: 汾西综合, URL: https://qmmqvzoz.live.sxmty.com/live/hls/f24f8a390c084386a564074c9260100c/be3fdf07606145739ab2c4b80fe0136a.m3u8?zshanxd, IPv_Type: ipv6, Location: 中国, ISP: 中国电信, Date: None, Delay: 2044 ms, Speed: 0.46 M/s, Resolution: 1920x1080
Name: 祁县新闻综合, URL: http://ggpagerl.live.sxmty.com/live/hls/b350dc1ac5da45c2b2233f6eb122ddf4/49d3766c7f204685a2a8f027b234c33d.m3u8?zshanxd, IPv_Type: ipv6, Location: 中国, ISP: 中国电信, Date: None, Delay: 1620 ms, Speed: 0.24 M/s, Resolution: 1920x1080
Name: 祁县新闻综合, URL: http://ggpagerl.live.sxmty.com/live/hls/b350dc1ac5da45c2b2233f6eb122ddf4/49d3766c7f204685a2a8f027b234c33d.m3u8?zshanxd, IPv_Type: ipv6, Location: 中国, ISP: 中国电信, Date: None, Delay: 1620 ms, Speed: 0.24 M/s, Resolution: 1920x1080
Name: 长子综合, URL: https://83awgyp5.live.sxmty.com/live/hls/6f6f4b36f9bd42628b718b595ba507ed/724b7e8907a8414d873eb2a2f69bfa18.m3u8?zshanxd, IPv_Type: ipv6, Location: 中国, ISP: 中国电信, Date: None, Delay: 1953 ms, Speed: 0.64 M/s, Resolution: 1920x1080
Name: 长子综合, URL: https://83awgyp5.live.sxmty.com/live/hls/6f6f4b36f9bd42628b718b595ba507ed/724b7e8907a8414d873eb2a2f69bfa18.m3u8?zshanxd, IPv_Type: ipv6, Location: 中国, ISP: 中国电信, Date: None, Delay: 1953 ms, Speed: 0.64 M/s, Resolution: 1920x1080
Name: 长子综合, URL: https://www.wxhcgbds.com:8081/channelTv/WXTV_1.m3u8?zshanxd, IPv_Type: ipv4, Location: 中国-山西-运城, ISP: 电信, Date: None, Delay: 12334 ms, Speed: 0.01 M/s, Resolution: None
Name: 长子综合, URL: https://www.wxhcgbds.com:8081/channelTv/WXTV_1.m3u8?zshanxd, IPv_Type: ipv4, Location: 中国-山西-运城, ISP: 电信, Date: None, Delay: 12334 ms, Speed: 0.01 M/s, Resolution: None
Name: 闻喜综合, URL: https://www.wxhcgbds.com:8081/channelTv/WXTV_1.m3u8?zshanxd, IPv_Type: ipv4, Location: 中国-山西-运城, ISP: 电信, Date: None, Delay: 12334 ms, Speed: 0.01 M/s, Resolution: None
Name: 阳曲综合, URL: https://83awgyp5.live.sxmty.com/live/hls/6f6f4b36f9bd42628b718b595ba507ed/724b7e8907a8414d873eb2a2f69bfa18.m3u8?zshanxd, IPv_Type: ipv6, Location: 中国, ISP: 中国电信, Date: None, Delay: 1953 ms, Speed: 0.64 M/s, Resolution: 1920x1080
Name: 黎城综合, URL: http://111.53.96.67:8081/live/1/index.m3u8?%E5%85%B3%E6%B3%A8%E5%BE%AE%E4%BF%A1%E5%85%AC%E4%BC%97%E5%8F%B7[%E6%99%B4%E5%9B%AD], IPv_Type: ipv4, Location: 中国-山西, ISP: 移动, Date: None, Delay: 2134 ms, Speed: 1.24 M/s, Resolution: 1920x1080
Name: 黎城综合, URL: http://111.53.96.67:8081/live/1/index.m3u8?%E5%85%B3%E6%B3%A8%E5%BE%AE%E4%BF%A1%E5%85%AC%E4%BC%97%E5%8F%B7[%E6%99%B4%E5%9B%AD], IPv_Type: ipv4, Location: 中国-山西, ISP: 移动, Date: None, Delay: 2134 ms, Speed: 1.24 M/s, Resolution: 1920x1080
Name: 黎城综合, URL: http://111.53.96.67:8081/live/1/index.m3u8, IPv_Type: ipv4, Location: 中国-山西, ISP: 移动, Date: None, Delay: 2134 ms, Speed: 1.24 M/s, Resolution: 1920x1080
Name: 固镇新闻, URL: http://www.guzhenm.com:7001/hls/hd-live.m3u8, IPv_Type: ipv4, Location: 中国-安徽-蚌埠, ISP: 电信, Date: None, Delay: 3106 ms, Speed: 0.27 M/s, Resolution: 1920x1080
Name: 固镇新闻, URL: http://www.guzhenm.com:7001/hls/hd-live.m3u8, IPv_Type: ipv4, Location: 中国-安徽-蚌埠, ISP: 电信, Date: None, Delay: 3106 ms, Speed: 0.27 M/s, Resolution: 1920x1080
Name: 固镇新闻, URL: http://www.guzhenm.com:7001/hls/hd-live.m3u8?%E5%85%B3%E6%B3%A8%E5%BE%AE%E4%BF%A1%E5%85%AC%E4%BC%97%E5%8F%B7[%E6%99%B4%E5%9B%AD], IPv_Type: ipv4, Location: 中国-安徽-蚌埠, ISP: 电信, Date: None, Delay: 3106 ms, Speed: 0.27 M/s, Resolution: 1920x1080
Name: 黄山公共生活, URL: http://hslive.hsnewsnet.com/lsdream/iY92ady/1000/live.m3u8?zanhd, IPv_Type: ipv6, Location: 中国, ISP: 中国电信, Date: None, Delay: 12376 ms, Speed: 0.14 M/s, Resolution: 1920x1080
Name: 黄山公共生活, URL: http://hslive.hsnewsnet.com/lsdream/iY92ady/1000/live.m3u8?zanhd, IPv_Type: ipv6, Location: 中国, ISP: 中国电信, Date: None, Delay: 12376 ms, Speed: 0.14 M/s, Resolution: 1920x1080
Name: 铜陵新闻综合, URL: https://ls.qingting.fm/live/21303/64k.m3u8, IPv_Type: ipv6, Location: 中国-广东-东莞, ISP: 电信, Date: None, Delay: 1514 ms, Speed: 0.05 M/s, Resolution: 1920x1080
Name: 祁门综合, URL: rtmp://tv.qmxrmt.com/chan/ch1, IPv_Type: ipv4, Location: 中国-安徽, ISP: 移动, Date: None, Delay: -1 ms, Speed: inf M/s, Resolution: 1920x1080
Name: 祁门综合, URL: http://zbbf2.ahbztv.com/live/416.m3u8?zanhd, IPv_Type: ipv4, Location: 美国-伊利诺伊州-库克, ISP: 网宿CDN节点, Date: None, Delay: 11 ms, Speed: 55.91 M/s, Resolution: 1920x1080
Name: 祁门综合, URL: http://zbbf2.ahbztv.com/live/416.m3u8?zanhd, IPv_Type: ipv4, Location: 美国-伊利诺伊州-库克, ISP: 网宿CDN节点, Date: None, Delay: 11 ms, Speed: 55.91 M/s, Resolution: 1920x1080
Name: 灵璧综合, URL: http://live.cms.anhuinews.com/video/s10003-lbtv/index.m3u8?zanhd#http://live.cms.anhuinews.com/video/s10003-lbtv/index.m3u8, IPv_Type: ipv4, Location: 中国-安徽-合肥, ISP: 电信, Date: None, Delay: 12667 ms, Speed: 0.06 M/s, Resolution: 640x480
Name: 灵璧综合, URL: http://live.cms.anhuinews.com/video/s10003-lbtv/index.m3u8?zanhd#http://live.cms.anhuinews.com/video/s10003-lbtv/index.m3u8, IPv_Type: ipv4, Location: 中国-安徽-合肥, ISP: 电信, Date: None, Delay: 12667 ms, Speed: 0.06 M/s, Resolution: 640x480
Name: 宿松新闻综合, URL: rtmp://52181.lssplay.aodianyun.com/tv_radio_52181/tv_channel_3390?auth_key=4849469644-0-0-4ebac1aa7b06c07197e6a43bb43b3fa7, IPv_Type: ipv4, Location: 中国-上海-上海, ISP: 电信, Date: None, Delay: -1 ms, Speed: inf M/s, Resolution: 720x404
Name: 宿松新闻综合, URL: http://live.ahsz.tv/video/s10001-szzh/index.m3u8, IPv_Type: ipv6, Location: 中国, ISP: 中国移动, Date: None, Delay: 12867 ms, Speed: 0.02 M/s, Resolution: 1920x1080
Name: 宿松新闻综合, URL: http://live.ahsz.tv/video/s10001-szzh/index.m3u8, IPv_Type: ipv6, Location: 中国, ISP: 中国移动, Date: None, Delay: 12867 ms, Speed: 0.02 M/s, Resolution: 1920x1080
Name: 宿州科教, URL: rtmp://live.ahsz.tv/video/s10001-kxjy, IPv_Type: ipv6, Location: 中国, ISP: 中国移动, Date: None, Delay: -1 ms, Speed: inf M/s, Resolution: 1920x1080
Name: 宿州公共, URL: http://live.ahsz.tv/video/s10001-ggpd/index.m3u8, IPv_Type: ipv6, Location: 中国, ISP: 中国移动, Date: None, Delay: 12867 ms, Speed: 0.02 M/s, Resolution: 1920x1080
Name: 六安新闻综合, URL: http://ls.qingting.fm/live/267.m3u8, IPv_Type: ipv6, Location: 中国-广东-东莞, ISP: 电信, Date: None, Delay: 1320 ms, Speed: 0.04 M/s, Resolution: 1920x1080
Name: 六安公共, URL: http://ls.qingting.fm/live/1794199.m3u8, IPv_Type: ipv6, Location: 中国-广东-东莞, ISP: 电信, Date: None, Delay: 1320 ms, Speed: 0.04 M/s, Resolution: 1920x1080
Name: 亳州新闻, URL: http://zbbf2.ahbztv.com/live/416.m3u8?zanhd, IPv_Type: ipv4, Location: 美国-伊利诺伊州-库克, ISP: 网宿CDN节点, Date: None, Delay: 11 ms, Speed: 55.91 M/s, Resolution: 1920x1080
Name: 亳州农村, URL: http://zbbf2.ahbztv.com/live/418.m3u8, IPv_Type: ipv4, Location: 美国-伊利诺伊州-库克, ISP: 网宿CDN节点, Date: None, Delay: 11 ms, Speed: 55.91 M/s, Resolution: 1920x1080
Name: 亳州农村, URL: http://zbbf2.ahbztv.com/live/418.m3u8?zanhd, IPv_Type: ipv6, Location: 加拿大, ISP: , Date: None, Delay: 11 ms, Speed: 55.91 M/s, Resolution: 1920x1080
Name: 宁夏经济, URL: http://satellitepull.cnr.cn/live/wxnxjjgb/playlist.m3u8, IPv_Type: ipv4, Location: 美国-德克萨斯州-达拉斯, ISP: 网宿科技CDN节点, Date: None, Delay: 6 ms, Speed: 16.96 M/s, Resolution: None
Name: 宁夏经济, URL: https://ls.qingting.fm/live/1841/64k.m3u8, IPv_Type: ipv6, Location: 中国-广东-东莞, ISP: 电信, Date: None, Delay: 1514 ms, Speed: 0.05 M/s, Resolution: 1920x1080
Name: 吴忠综合, URL: http://live.kanwz.net/zhpd/sd/live.m3u8?zningxd, IPv_Type: ipv4, Location: 中国-宁夏-银川, ISP: 电信, Date: None, Delay: 2717 ms, Speed: 0.05 M/s, Resolution: 320x240
Name: 吴忠综合, URL: http://live.kanwz.net/zhpd/sd/live.m3u8?zningxd, IPv_Type: ipv4, Location: 中国-宁夏-银川, ISP: 电信, Date: None, Delay: 2717 ms, Speed: 0.05 M/s, Resolution: 320x240
Name: 吴忠公共, URL: http://live.kanwz.net/ggpd/sd/live.m3u8?zningxd, IPv_Type: ipv4, Location: 中国-宁夏-银川, ISP: 电信, Date: None, Delay: 2717 ms, Speed: 0.05 M/s, Resolution: 320x240
Name: 延边卫视, URL: http://satellitepull.cnr.cn/live/wxybws/playlist.m3u8, IPv_Type: ipv4, Location: 美国-德克萨斯州-达拉斯, ISP: 网宿科技CDN节点, Date: None, Delay: 6 ms, Speed: 16.96 M/s, Resolution: None
Name: 延边卫视, URL: http://l.cztvcloud.com/channels/lantian/SXxinchang2/720p.m3u8, IPv_Type: ipv6, Location: 中国-江苏-常州, ISP: 电信, Date: None, Delay: 3398 ms, Speed: 0.67 M/s, Resolution: 1920x1080
Name: 延边卫视, URL: http://l.cztvcloud.com/channels/lantian/SXxinchang2/720p.m3u8#, IPv_Type: ipv4, Location: 中国-上海-上海, ISP: 电信, Date: None, Delay: 3398 ms, Speed: 0.67 M/s, Resolution: 1920x1080
Name: 吉林乡村, URL: http://satellitepull.cnr.cn/live/wxjlxcgb/playlist.m3u8, IPv_Type: ipv4, Location: 美国-德克萨斯州-达拉斯, ISP: 网宿科技CDN节点, Date: None, Delay: 6 ms, Speed: 16.96 M/s, Resolution: None
Name: 吉林乡村, URL: https://satellitepull.cnr.cn/live/wxjlxcgb/playlist.m3u8, IPv_Type: ipv4, Location: 美国-德克萨斯州-达拉斯, ISP: 网宿科技CDN节点, Date: None, Delay: 11 ms, Speed: 11.21 M/s, Resolution: None
Name: 延边-2, URL: http://stream8.jlntv.cn/ljtv/playlist.m3u8, IPv_Type: ipv4, Location: 中国-广东-深圳, ISP: 联通, Date: None, Delay: 1613 ms, Speed: 0.23 M/s, Resolution: 320x240
Name: 延边-2, URL: http://stream8.jlntv.cn/ljtv/playlist.m3u8, IPv_Type: ipv4, Location: 中国-广东-深圳, ISP: 联通, Date: None, Delay: 1613 ms, Speed: 0.23 M/s, Resolution: 320x240
Name: 延边-2, URL: http://stream5.jlntv.cn/wq/playlist.m3u8, IPv_Type: ipv4, Location: 中国-福建-泉州, ISP: 联通, Date: None, Delay: 859 ms, Speed: 0.11 M/s, Resolution: 720x576
Name: 延边-2, URL: http://stream5.jlntv.cn/wq/playlist.m3u8, IPv_Type: ipv4, Location: 中国-福建-泉州, ISP: 联通, Date: None, Delay: 859 ms, Speed: 0.11 M/s, Resolution: 720x576
Name: 长白山电视台, URL: http://stream8.jlntv.cn/cbstv/sd/live.m3u8#http://stream8.jlntv.cn/cbstv/sd/live.m3u8?zjild, IPv_Type: ipv4, Location: 中国-江苏-南京, ISP: 电信, Date: None, Delay: 1613 ms, Speed: 0.23 M/s, Resolution: 320x240
Name: 德惠综合, URL: http://stream11.jlntv.cn/dehuitv/sd/live.m3u8?%E5%85%B3%E6%B3%A8%E5%BE%AE%E4%BF%A1%E5%85%AC%E4%BC%97%E5%8F%B7[%E6%99%B4%E5%9B%AD], IPv_Type: ipv4, Location: 中国-江苏-南京, ISP: 电信, Date: None, Delay: 1414 ms, Speed: 0.18 M/s, Resolution: 720x576
Name: 德惠综合, URL: http://stream11.jlntv.cn/dehuitv/sd/live.m3u8?%E5%85%B3%E6%B3%A8%E5%BE%AE%E4%BF%A1%E5%85%AC%E4%BC%97%E5%8F%B7[%E6%99%B4%E5%9B%AD], IPv_Type: ipv4, Location: 中国-江苏-南京, ISP: 电信, Date: None, Delay: 1414 ms, Speed: 0.18 M/s, Resolution: 720x576
Name: 九台综合, URL: http://stream10.jlntv.cn/jiutaitv/sd/live.m3u8?%E5%85%B3%E6%B3%A8%E5%BE%AE%E4%BF%A1%E5%85%AC%E4%BC%97%E5%8F%B7[%E6%99%B4%E5%9B%AD], IPv_Type: ipv4, Location: 中国-吉林-四平, ISP: 联通, Date: None, Delay: 1414 ms, Speed: 0.29 M/s, Resolution: 720x576
Name: 九台综合, URL: http://stream10.jlntv.cn/jiutaitv/sd/live.m3u8?%E5%85%B3%E6%B3%A8%E5%BE%AE%E4%BF%A1%E5%85%AC%E4%BC%97%E5%8F%B7[%E6%99%B4%E5%9B%AD], IPv_Type: ipv4, Location: 中国-吉林-四平, ISP: 联通, Date: None, Delay: 1414 ms, Speed: 0.29 M/s, Resolution: 720x576
Name: 九台综合, URL: http://stream10.jlntv.cn/jiutaitv/sd/live.m3u8, IPv_Type: ipv4, Location: 中国-吉林-四平, ISP: 联通, Date: None, Delay: 1414 ms, Speed: 0.29 M/s, Resolution: 720x576
Name: 九台综合, URL: http://stream10.jlntv.cn/jiutaitv/sd/live.m3u8?zjild, IPv_Type: ipv4, Location: 中国-吉林-四平, ISP: 联通, Date: None, Delay: 1414 ms, Speed: 0.29 M/s, Resolution: 720x576
Name: 长白朝语, URL: http://hplayer1.juyun.tv:80/camera/11344136.m3u8, IPv_Type: ipv6, Location: 中国, ISP: 中国联通, Date: None, Delay: 1451 ms, Speed: 0.36 M/s, Resolution: 1920x1080
Name: 靖宇综合, URL: http://stream9.jlntv.cn:80/aac_jygb/playlist.m3u8, IPv_Type: ipv4, Location: 中国-贵州-六盘水, ISP: 联通, Date: None, Delay: 580 ms, Speed: 0.06 M/s, Resolution: None
Name: 靖宇综合, URL: http://stream9.jlntv.cn:80/aac_jygb/playlist.m3u8, IPv_Type: ipv4, Location: 中国-贵州-六盘水, ISP: 联通, Date: None, Delay: 580 ms, Speed: 0.06 M/s, Resolution: None
Name: 敦化一套, URL: http://stream8.jlntv.cn/dhtv/playlist.m3u8?zjild, IPv_Type: ipv4, Location: 中国-江苏-淮安, ISP: 电信, Date: None, Delay: 1613 ms, Speed: 0.23 M/s, Resolution: 320x240
Name: 龙井综合, URL: http://stream9.jlntv.cn:80/aac_longjinggb/playlist.m3u8, IPv_Type: ipv4, Location: 中国-贵州-六盘水, ISP: 联通, Date: None, Delay: 580 ms, Speed: 0.06 M/s, Resolution: None
Name: 梅河口综合, URL: http://stream3.jlntv.cn:80/aac_mhkgb/playlist.m3u8, IPv_Type: ipv4, Location: 中国-青海, ISP: 联通, Date: None, Delay: 1937 ms, Speed: 0.04 M/s, Resolution: None
Name: 梅河口综合, URL: http://stream3.jlntv.cn:80/aac_mhkgb/playlist.m3u8, IPv_Type: ipv4, Location: 中国-青海, ISP: 联通, Date: None, Delay: 1937 ms, Speed: 0.04 M/s, Resolution: None
Name: 桦甸综合, URL: http://stream9.jlntv.cn:80/aac_huadiangb/playlist.m3u8, IPv_Type: ipv4, Location: 中国-贵州-六盘水, ISP: 联通, Date: None, Delay: 580 ms, Speed: 0.06 M/s, Resolution: None
Name: 磐石综合, URL: http://stream3.jlntv.cn:80/aac_psgb/sd/live.m3u8, IPv_Type: ipv4, Location: 中国-青海, ISP: 联通, Date: None, Delay: 1937 ms, Speed: 0.04 M/s, Resolution: None
Name: 舒兰新闻综合, URL: http://stream8.jlntv.cn/shulan/sd/live.m3u8?_upt=332db6421699196585, IPv_Type: ipv4, Location: 中国-江苏-南京, ISP: 电信, Date: None, Delay: 1613 ms, Speed: 0.23 M/s, Resolution: 320x240
Name: 东丰综合, URL: http://stream3.jlntv.cn:80/aac_dfgb/playlist.m3u8, IPv_Type: ipv4, Location: 中国-青海, ISP: 联通, Date: None, Delay: 1937 ms, Speed: 0.04 M/s, Resolution: None
Name: 双辽综合, URL: http://stream3.jlntv.cn:80/aac_slgb/playlist.m3u8, IPv_Type: ipv4, Location: 中国-青海, ISP: 联通, Date: None, Delay: 1937 ms, Speed: 0.04 M/s, Resolution: None
Name: 辉南新闻综合, URL: http://stream5.jlntv.cn/hn/sd/live.m3u8?%E5%85%B3%E6%B3%A8%E5%BE%AE%E4%BF%A1%E5%85%AC%E4%BC%97%E5%8F%B7[%E6%99%B4%E5%9B%AD], IPv_Type: ipv4, Location: 中国-江苏-淮安, ISP: 电信, Date: None, Delay: 859 ms, Speed: 0.11 M/s, Resolution: 720x576
Name: 柳河综合, URL: http://stream3.jlntv.cn:80/aac_lhgb/sd/live.m3u8, IPv_Type: ipv4, Location: 中国-青海, ISP: 联通, Date: None, Delay: 1937 ms, Speed: 0.04 M/s, Resolution: None
Name: 通化县综合, URL: http://stream3.jlntv.cn:80/aac_thxgb/playlist.m3u8, IPv_Type: ipv4, Location: 中国-青海, ISP: 联通, Date: None, Delay: 1937 ms, Speed: 0.04 M/s, Resolution: None
Name: 汪清综合, URL: http://stream5.jlntv.cn/wq/sd/live.m3u8?_upt=eb80947d1699080781, IPv_Type: ipv4, Location: 中国-江苏-淮安, ISP: 电信, Date: None, Delay: 859 ms, Speed: 0.11 M/s, Resolution: 720x576
Name: 内蒙经济, URL: https://satellitepull.cnr.cn/live/wx32nmgjjgb/playlist.m3u8, IPv_Type: ipv4, Location: 美国-德克萨斯州-达拉斯, ISP: 网宿科技CDN节点, Date: None, Delay: 11 ms, Speed: 11.21 M/s, Resolution: None
Name: 内蒙经济, URL: https://ls.qingting.fm/live/1885/64k.m3u8, IPv_Type: ipv6, Location: 中国-广东-东莞, ISP: 电信, Date: None, Delay: 1514 ms, Speed: 0.05 M/s, Resolution: 1920x1080
Name: 内蒙古经济生活, URL: https://ls.qingting.fm/live/1885/64k.m3u8, IPv_Type: ipv6, Location: 中国-广东-东莞, ISP: 电信, Date: None, Delay: 1514 ms, Speed: 0.05 M/s, Resolution: 1920x1080
Name: 文山州公共, URL: http://m3u8.channel.wsrtv.com.cn/cms/videos/nmip-media/channellive/channel8/playlist.m3u8, IPv_Type: ipv6, Location: 中国, ISP: 中国电信, Date: None, Delay: 12530 ms, Speed: 0.06 M/s, Resolution: 1920x1080
Name: 文山州公共, URL: http://m3u8.channel.wsrtv.com.cn/cms/videos/nmip-media/channellive/channel8/playlist.m3u8, IPv_Type: ipv6, Location: 中国, ISP: 中国电信, Date: None, Delay: 12530 ms, Speed: 0.06 M/s, Resolution: 1920x1080
Name: 文山州新闻综合, URL: http://m3u8.channel.wsrtv.com.cn/cms/videos/nmip-media/channellive/channel7/playlist.m3u8?zyund, IPv_Type: ipv6, Location: 中国, ISP: 中国电信, Date: None, Delay: 12530 ms, Speed: 0.06 M/s, Resolution: 1920x1080
Name: 易门综合, URL: https://zb-live.ynurl.com/yimen/3b75a2f9-7941-46b7-992d-a9796fbca5fe.m3u8, IPv_Type: ipv4, Location: 中国-广东-深圳, ISP: 腾讯云, Date: None, Delay: 1808 ms, Speed: 0.61 M/s, Resolution: 1920x1080
Name: 易门综合, URL: https://zb-live.ynurl.com/yimen/3b75a2f9-7941-46b7-992d-a9796fbca5fe.m3u8, IPv_Type: ipv4, Location: 中国-广东-深圳, ISP: 腾讯云, Date: None, Delay: 1808 ms, Speed: 0.61 M/s, Resolution: 1920x1080
Name: 通海电视台, URL: https://zb-live.ynurl.com/tonghai/3bfe3a9e-48e6-4c1e-8770-1df66447cc6c.m3u8, IPv_Type: ipv4, Location: 中国-广东-深圳, ISP: 腾讯云, Date: None, Delay: 1808 ms, Speed: 0.61 M/s, Resolution: 1920x1080
Name: 陇川综合, URL: https://zb-live.ynurl.com/longchuan/58f88df3-605e-4c57-865c-8e8f85241ca1.m3u8, IPv_Type: ipv4, Location: 中国-广东-深圳, ISP: 腾讯云, Date: None, Delay: 1808 ms, Speed: 0.61 M/s, Resolution: 1920x1080
Name: 麻栗坡电视台, URL: http://tvdrs.wsrtv.com.cn:8100/channellive/mlptv.flv?zyund, IPv_Type: ipv4, Location: 中国-云南-文山壮族苗族自治州, ISP: 电信, Date: None, Delay: 554 ms, Speed: 0.12 M/s, Resolution: 1920x1080
Name: 麻栗坡电视台, URL: http://tvdrs.wsrtv.com.cn:8100/channellive/mlptv.flv?zyund, IPv_Type: ipv4, Location: 中国-云南-文山壮族苗族自治州, ISP: 电信, Date: None, Delay: 554 ms, Speed: 0.12 M/s, Resolution: 1920x1080
Name: 安多卫视, URL: rtmp://liveout.xntv.tv/a65jur/96iln2, IPv_Type: ipv6, Location: 中国, ISP: 中国电信, Date: None, Delay: -1 ms, Speed: inf M/s, Resolution: 1920x1080
Name: 安多卫视, URL: http://php.jdshipin.com/TVOD/hljyd.php?id=3221225659, IPv_Type: ipv6, Location: 美国, ISP: CloudFlare Inc., Date: None, Delay: 2820 ms, Speed: 0.49 M/s, Resolution: 1920x1080
Name: 安多卫视, URL: https://liveout.xntv.tv/a65jur/90p2i1.m3u8?zqinghd, IPv_Type: ipv6, Location: 中国, ISP: 中国电信, Date: None, Delay: 5942 ms, Speed: 0.11 M/s, Resolution: 1920x1080
Name: 安多卫视, URL: https://liveout.xntv.tv/a65jur/90p2i1.m3u8?zqinghd, IPv_Type: ipv6, Location: 中国, ISP: 中国电信, Date: None, Delay: 5942 ms, Speed: 0.11 M/s, Resolution: 1920x1080
Name: 西宁新闻综合, URL: https://liveout.xntv.tv/a65jur/96iln2.m3u8#@http://cm-wshls.homecdn.com/live/5a296.dlv#@http://dtrmlive.qhdtrm.cn/xnds/sd/live.m3u8#@http://cm-wshls.homecdn.com/live/5a296.m3u8#rtmp://liveout.xntv.tv/a65jur/96iln2, IPv_Type: ipv6, Location: 中国, ISP: 中国电信, Date: None, Delay: 5942 ms, Speed: 0.11 M/s, Resolution: 1920x1080
Name: 西宁新闻综合, URL: https://liveout.xntv.tv/a65jur/96iln2.m3u8?zqinghd, IPv_Type: ipv6, Location: 中国, ISP: 中国电信, Date: None, Delay: 5942 ms, Speed: 0.11 M/s, Resolution: 1920x1080
Name: 西宁新闻综合, URL: https://liveout.xntv.tv/a65jur/90p2i1.m3u8?zqinghd#https://liveout.xntv.tv/a65jur/90p2i1.m3u8#http://dtrmlive.qhdtrm.cn/xnds/sd/live.m3u8, IPv_Type: ipv6, Location: 中国, ISP: 中国电信, Date: None, Delay: 5942 ms, Speed: 0.11 M/s, Resolution: 1920x1080
Name: 西宁新闻综合, URL: https://liveout.xntv.tv/a65jur/90p2i1.m3u8?zqinghd, IPv_Type: ipv6, Location: 中国, ISP: 中国电信, Date: None, Delay: 5942 ms, Speed: 0.11 M/s, Resolution: 1920x1080
Name: 西宁新闻综合, URL: https://liveout.xntv.tv/a65jur/90p2i1.m3u8, IPv_Type: ipv6, Location: 中国, ISP: 中国电信, Date: None, Delay: 5942 ms, Speed: 0.11 M/s, Resolution: 1920x1080
Name: 西宁生活服务, URL: https://liveout.xntv.tv/a65jur/90p2i1.m3u8, IPv_Type: ipv6, Location: 中国, ISP: 中国电信, Date: None, Delay: 5942 ms, Speed: 0.11 M/s, Resolution: 1920x1080
Name: 西宁生活服务, URL: https://liveout.xntv.tv/a65jur/90p2i1.m3u8?zqinghd, IPv_Type: ipv6, Location: 中国, ISP: 中国电信, Date: None, Delay: 5942 ms, Speed: 0.11 M/s, Resolution: 1920x1080
Name: 西宁生活服务, URL: https://liveout.xntv.tv/a65jur/90p2i1.m3u8?zqinghd#https://liveout.xntv.tv/a65jur/90p2i1.m3u8#http://dtrmlive.qhdtrm.cn/xnds/sd/live.m3u8, IPv_Type: ipv6, Location: 中国, ISP: 中国电信, Date: None, Delay: 5942 ms, Speed: 0.11 M/s, Resolution: 1920x1080
Name: 黑龙江文体, URL: http://php.jdshipin.com/TVOD/hljyd.php?id=3221226239, IPv_Type: ipv6, Location: 美国, ISP: CloudFlare Inc., Date: None, Delay: 2820 ms, Speed: 0.49 M/s, Resolution: 1920x1080
Name: 黑龙江新闻法治, URL: http://satellitepull.cnr.cn/live/wx32hljxwgb/playlist.m3u8, IPv_Type: ipv4, Location: 美国-德克萨斯州-达拉斯, ISP: 网宿科技CDN节点, Date: None, Delay: 6 ms, Speed: 16.96 M/s, Resolution: None
Name: 黑龙江新闻法治, URL: https://satellitepull.cnr.cn/live/wx32hljxwgb/playlist.m3u8, IPv_Type: ipv4, Location: 美国-德克萨斯州-达拉斯, ISP: 网宿科技CDN节点, Date: None, Delay: 11 ms, Speed: 11.21 M/s, Resolution: None
Name: 黑龙江新闻法治, URL: http://php.jdshipin.com/TVOD/hljyd.php?id=3221226330, IPv_Type: ipv6, Location: 美国, ISP: CloudFlare Inc., Date: None, Delay: 2820 ms, Speed: 0.49 M/s, Resolution: 1920x1080
Name: 黑龙江新闻法治, URL: https://ls.qingting.fm/live/4974/64k.m3u8, IPv_Type: ipv6, Location: 中国-广东-东莞, ISP: 电信, Date: None, Delay: 1514 ms, Speed: 0.05 M/s, Resolution: 1920x1080
Name: 黑龙江影视, URL: http://php.jdshipin.com/TVOD/hljyd.php?id=3221226298, IPv_Type: ipv6, Location: 美国, ISP: CloudFlare Inc., Date: None, Delay: 2820 ms, Speed: 0.49 M/s, Resolution: 1920x1080
Name: 黑龙江都市, URL: http://php.jdshipin.com/TVOD/hljyd.php?id=3221226301, IPv_Type: ipv6, Location: 美国, ISP: CloudFlare Inc., Date: None, Delay: 2820 ms, Speed: 0.49 M/s, Resolution: 1920x1080
Name: 黑龙江少儿, URL: http://php.jdshipin.com/TVOD/hljyd.php?id=3221226304, IPv_Type: ipv6, Location: 美国, ISP: CloudFlare Inc., Date: None, Delay: 2820 ms, Speed: 0.49 M/s, Resolution: 1920x1080
Name: 黑龙江少儿, URL: https://ls.qingting.fm/live/4972/64k.m3u8, IPv_Type: ipv6, Location: 中国-广东-东莞, ISP: 电信, Date: None, Delay: 1514 ms, Speed: 0.05 M/s, Resolution: 1920x1080
Name: 黑龙江新闻, URL: https://ls.qingting.fm/live/4974/64k.m3u8, IPv_Type: ipv6, Location: 中国-广东-东莞, ISP: 电信, Date: None, Delay: 1514 ms, Speed: 0.05 M/s, Resolution: 1920x1080
Name: 哈尔滨新闻综合, URL: http://php.jdshipin.com/TVOD/hljyd.php?id=3221226434, IPv_Type: ipv6, Location: 美国, ISP: CloudFlare Inc., Date: None, Delay: 2820 ms, Speed: 0.49 M/s, Resolution: 1920x1080
Name: 哈尔滨影视, URL: http://stream.hrbtv.net/yspd/sd/live.m3u8?zheild#http://stream.hrbtv.net/yspd/sd/live.m3u8, IPv_Type: ipv4, Location: 中国-黑龙江-哈尔滨, ISP: 联通, Date: None, Delay: 12779 ms, Speed: 0.00 M/s, Resolution: None
Name: 哈尔滨影视, URL: http://stream.hrbtv.net/yspd/sd/live.m3u8?zheild#http://stream.hrbtv.net/yspd/sd/live.m3u8, IPv_Type: ipv4, Location: 中国-黑龙江-哈尔滨, ISP: 联通, Date: None, Delay: 12779 ms, Speed: 0.00 M/s, Resolution: None
Name: 哈尔滨资讯, URL: http://stream.hrbtv.net/zxpd/sd/live.m3u8, IPv_Type: ipv4, Location: 中国-黑龙江-哈尔滨, ISP: 联通, Date: None, Delay: 12779 ms, Speed: 0.00 M/s, Resolution: None
Name: 哈尔滨生活, URL: http://stream.hrbtv.net/shpd/sd/live.m3u8?zheild, IPv_Type: ipv4, Location: 中国-黑龙江-哈尔滨, ISP: 联通, Date: None, Delay: 12779 ms, Speed: 0.00 M/s, Resolution: None
Name: 哈尔滨生活, URL: http://stream.hrbtv.net/shpd/sd/live.m3u8, IPv_Type: ipv4, Location: 中国-黑龙江-哈尔滨, ISP: 联通, Date: None, Delay: 12779 ms, Speed: 0.00 M/s, Resolution: None
Name: 哈尔滨娱乐, URL: http://stream.hrbtv.net/ylpd/sd/live.m3u8, IPv_Type: ipv4, Location: 中国-黑龙江-哈尔滨, ISP: 联通, Date: None, Delay: 12779 ms, Speed: 0.00 M/s, Resolution: None
Name: 哈尔滨娱乐, URL: http://stream.hrbtv.net/ylpd/sd/live.m3u8?zheild, IPv_Type: ipv4, Location: 中国-黑龙江-哈尔滨, ISP: 联通, Date: None, Delay: 12779 ms, Speed: 0.00 M/s, Resolution: None
Name: 哈尔滨娱乐, URL: http://stream.hrbtv.net/ylpd/sd/live.m3u8?zheild#http://stream.hrbtv.net/ylpd/sd/live.m3u8#https://stream.hrbtv.net/ylpd/sd/live.m3u8, IPv_Type: ipv4, Location: 中国-黑龙江-哈尔滨, ISP: 联通, Date: None, Delay: 12779 ms, Speed: 0.00 M/s, Resolution: None
Name: 鹤岗新闻综合, URL: http://php.jdshipin.com/TVOD/hljyd.php?id=3221226534, IPv_Type: ipv6, Location: 美国, ISP: CloudFlare Inc., Date: None, Delay: 2820 ms, Speed: 0.49 M/s, Resolution: 1920x1080
Name: 鹤岗新闻综合, URL: http://live.hznet.tv:1935/live/live2/500K/tzwj_video.m3u8, IPv_Type: ipv4, Location: 中国-山东-菏泽, ISP: 联通, Date: None, Delay: 12137 ms, Speed: 0.04 M/s, Resolution: None
Name: 七台河新闻综合, URL: http://live.qthnews.org.cn:1935/live/live1/800k/tzwj_video.m3u8, IPv_Type: ipv4, Location: 中国-黑龙江-哈尔滨, ISP: 联通, Date: None, Delay: 2361 ms, Speed: 0.41 M/s, Resolution: 1280x720
Name: 七台河新闻综合, URL: http://live.qthnews.org.cn:1935/live/live1/800k/tzwj_video.m3u8, IPv_Type: ipv4, Location: 中国-黑龙江-哈尔滨, ISP: 联通, Date: None, Delay: 2361 ms, Speed: 0.41 M/s, Resolution: 1280x720
Name: 佳木斯新闻综合, URL: http://php.jdshipin.com/TVOD/hljyd.php?id=3221226451, IPv_Type: ipv6, Location: 美国, ISP: CloudFlare Inc., Date: None, Delay: 2820 ms, Speed: 0.49 M/s, Resolution: 1920x1080
Name: 佳木斯新闻综合, URL: http://live.qthnews.org.cn:1935/live/live2/800k/tzwj_video.m3u8, IPv_Type: ipv4, Location: 中国-黑龙江-哈尔滨, ISP: 联通, Date: None, Delay: 2361 ms, Speed: 0.41 M/s, Resolution: 1280x720
Name: 甘南县综合, URL: rtmp://masterpull.hljtv.com/live/YbFyF4Jb, IPv_Type: ipv4, Location: 中国-黑龙江, ISP: 移动, Date: None, Delay: 5131 ms, Speed: 0.00 M/s, Resolution: None
Name: 甘南县综合, URL: rtmp://masterpull.hljtv.com/live/YbFyF4Jb, IPv_Type: ipv4, Location: 中国-黑龙江, ISP: 移动, Date: None, Delay: 5131 ms, Speed: 0.00 M/s, Resolution: None
Name: 齐齐哈尔新闻综合, URL: http://php.jdshipin.com/TVOD/hljyd.php?id=3221226437, IPv_Type: ipv6, Location: 美国, ISP: CloudFlare Inc., Date: None, Delay: 2820 ms, Speed: 0.49 M/s, Resolution: 1920x1080
Name: 双鸭山综合, URL: rtmp://masterpull.hljtv.com/live/BowdCSzZ, IPv_Type: ipv4, Location: 中国-黑龙江, ISP: 移动, Date: None, Delay: 5131 ms, Speed: 0.00 M/s, Resolution: None
Name: 七台河民生社教, URL: http://live.qthnews.org.cn:1935/live/live2/800k/tzwj_video.m3u8, IPv_Type: ipv4, Location: 中国-黑龙江-哈尔滨, ISP: 联通, Date: None, Delay: 2361 ms, Speed: 0.41 M/s, Resolution: 1280x720
Name: 翡翠台, URL: https://cdn.iptv8k.top/dl/jrys.php?id=3&time=20240926215313&ip=111.229.253.40, IPv_Type: ipv4, Location: 美国, ISP: CloudFlare节点, Date: None, Delay: 11 ms, Speed: 29.30 M/s, Resolution: 1920x1080
Name: 翡翠台, URL: https://cdn.iptv8k.top/dl/jrys.php?id=3&time=20240926215313&ip=111.229.253.40, IPv_Type: ipv4, Location: 美国, ISP: CloudFlare节点, Date: None, Delay: 11 ms, Speed: 29.30 M/s, Resolution: 1920x1080
Name: 翡翠台, URL: https://cdn.iptv8k.top/dl/jrys.php?id=3&time=20240926215313&ip=111.229.253.40『线路08』, IPv_Type: ipv4, Location: 美国, ISP: CloudFlare节点, Date: None, Delay: 11 ms, Speed: 29.30 M/s, Resolution: 1920x1080
Name: 翡翠台, URL: http://php.jdshipin.com:8880/TVOD/iptv.php?id=fct3&token=512df05ba47edb46400575c93e179adb7981226d414516400ed1d382cb126adc517715d4ccd3a2276bf3c7b72d52f58905225cf0b1cc461b7888443f, IPv_Type: ipv6, Location: 美国, ISP: CloudFlare Inc., Date: None, Delay: 2820 ms, Speed: 0.49 M/s, Resolution: 1920x1080
Name: 翡翠台, URL: http://php.jdshipin.com/TVOD/iptv.php?id=fct, IPv_Type: ipv6, Location: 美国, ISP: CloudFlare Inc., Date: None, Delay: 2820 ms, Speed: 0.49 M/s, Resolution: 1920x1080
Name: 翡翠台, URL: http://php.jdshipin.com/TVOD/iptv.php?id=fct4, IPv_Type: ipv6, Location: 美国, ISP: CloudFlare Inc., Date: None, Delay: 2820 ms, Speed: 0.49 M/s, Resolution: 1920x1080
Name: 翡翠台, URL: http://php.jdshipin.com:8880/smt.php?id=jade_twn, IPv_Type: ipv6, Location: 美国, ISP: CloudFlare Inc., Date: None, Delay: 2820 ms, Speed: 0.49 M/s, Resolution: 1920x1080
Name: 翡翠台, URL: http://php.jdshipin.com/TVOD/iptv.php?id=fct2, IPv_Type: ipv6, Location: 美国, ISP: CloudFlare Inc., Date: None, Delay: 2820 ms, Speed: 0.49 M/s, Resolution: 1920x1080
Name: 翡翠台, URL: http://php.jdshipin.com:8880/TVOD/iptv.php?id=fct2, IPv_Type: ipv6, Location: 美国, ISP: CloudFlare Inc., Date: None, Delay: 2820 ms, Speed: 0.49 M/s, Resolution: 1920x1080
Name: 翡翠台, URL: http://php.jdshipin.com/TVOD/iptv.php?id=huali2, IPv_Type: ipv6, Location: 美国, ISP: CloudFlare Inc., Date: None, Delay: 2820 ms, Speed: 0.49 M/s, Resolution: 1920x1080
Name: 翡翠台, URL: http://php.jdshipin.com:8880/PLTV/iptv.php?id=fct3, IPv_Type: ipv6, Location: 美国, ISP: CloudFlare Inc., Date: None, Delay: 2820 ms, Speed: 0.49 M/s, Resolution: 1920x1080
Name: 翡翠台, URL: http://php.jdshipin.com:8880/TVOD/iptv.php?id=fct4, IPv_Type: ipv6, Location: 美国, ISP: CloudFlare Inc., Date: None, Delay: 2820 ms, Speed: 0.49 M/s, Resolution: 1920x1080
Name: 翡翠台, URL: http://php.jdshipin.com:8880/TVOD/iptv.php?id=fct3, IPv_Type: ipv6, Location: 美国, ISP: CloudFlare Inc., Date: None, Delay: 2820 ms, Speed: 0.49 M/s, Resolution: 1920x1080
Name: 翡翠台, URL: http://tvdrs.wsrtv.com.cn:8100/channellive/ch1.flv, IPv_Type: ipv4, Location: 中国-云南-文山壮族苗族自治州, ISP: 电信, Date: None, Delay: 554 ms, Speed: 0.12 M/s, Resolution: 1920x1080
Name: 凤凰中文, URL: https://cdn.iptv8k.top/dl/jrys.php?id=19&time=20240926215313&ip=111.229.253.40, IPv_Type: ipv4, Location: 美国, ISP: CloudFlare节点, Date: None, Delay: 11 ms, Speed: 29.30 M/s, Resolution: 1920x1080
Name: 凤凰中文, URL: http://php.jdshipin.com:8880/TVOD/iptv.php?id=fhzw, IPv_Type: ipv6, Location: 美国, ISP: CloudFlare Inc., Date: None, Delay: 2820 ms, Speed: 0.49 M/s, Resolution: 1920x1080
Name: 凤凰中文, URL: http://php.jdshipin.com/TVOD/iptv.php, IPv_Type: ipv6, Location: 美国, ISP: CloudFlare Inc., Date: None, Delay: 2820 ms, Speed: 0.49 M/s, Resolution: 1920x1080
Name: 凤凰资讯, URL: http://playtv-live.ifeng.com/live/06OLEEWQKN4_audio.m3u8, IPv_Type: ipv4, Location: 中国-江苏-常州, ISP: 电信, Date: None, Delay: 262 ms, Speed: 0.54 M/s, Resolution: None
Name: 凤凰资讯, URL: http://playtv-live.ifeng.com/live/06OLEEWQKN4_audio.m3u8, IPv_Type: ipv4, Location: 中国-江苏-常州, ISP: 电信, Date: None, Delay: 262 ms, Speed: 0.54 M/s, Resolution: None
Name: 凤凰资讯, URL: http://php.jdshipin.com:8880/TVOD/iptv.php?id=fhzx, IPv_Type: ipv6, Location: 美国, ISP: CloudFlare Inc., Date: None, Delay: 2820 ms, Speed: 0.49 M/s, Resolution: 1920x1080
Name: 凤凰资讯, URL: http://php.jdshipin.com:8880/smt.php?id=phoenixinfo_hd, IPv_Type: ipv6, Location: 美国, ISP: CloudFlare Inc., Date: None, Delay: 2820 ms, Speed: 0.49 M/s, Resolution: 1920x1080
Name: 凤凰资讯, URL: http://php.jdshipin.com/TVOD/iptv.php?id=fhzx2, IPv_Type: ipv6, Location: 美国, ISP: CloudFlare Inc., Date: None, Delay: 2820 ms, Speed: 0.49 M/s, Resolution: 1920x1080
Name: 凤凰资讯, URL: http://php.jdshipin.com/TVOD/iptv.php, IPv_Type: ipv6, Location: 美国, ISP: CloudFlare Inc., Date: None, Delay: 2820 ms, Speed: 0.49 M/s, Resolution: 1920x1080
Name: 凤凰香港, URL: https://cdn.iptv8k.top/dl/jrys.php?id=18&time=20240926215313&ip=111.229.253.40, IPv_Type: ipv4, Location: 美国, ISP: CloudFlare节点, Date: None, Delay: 11 ms, Speed: 29.30 M/s, Resolution: 1920x1080
Name: 凤凰香港, URL: https://epg.pw/stream/8770e89223a086eb1b8a0c931e42296d772a8069ad3eb72540e0c434e7cb3e93.m3u8, IPv_Type: ipv6, Location: 美国, ISP: CloudFlare Inc., Date: None, Delay: 874 ms, Speed: 0.73 M/s, Resolution: 1920x1080
Name: 凤凰香港, URL: https://epg.pw/stream/5f16dc7fc8aaaed3205516c63e4a8c24bca9dbba1181684244729cf574505b0e.m3u8, IPv_Type: ipv6, Location: 美国, ISP: CloudFlare Inc., Date: None, Delay: 874 ms, Speed: 0.73 M/s, Resolution: 1920x1080
Name: 凤凰香港, URL: http://php.jdshipin.com/TVOD/iptv.php?id=fhhk, IPv_Type: ipv6, Location: 美国, ISP: CloudFlare Inc., Date: None, Delay: 2820 ms, Speed: 0.49 M/s, Resolution: 1920x1080
Name: 凤凰香港, URL: http://php.jdshipin.com/PLTV/iptv.php?id=fhhk, IPv_Type: ipv6, Location: 美国, ISP: CloudFlare Inc., Date: None, Delay: 2820 ms, Speed: 0.49 M/s, Resolution: 1920x1080
Name: 凤凰香港, URL: http://php.jdshipin.com:8880/smt.php?id=hkphoenix_twn, IPv_Type: ipv6, Location: 美国, ISP: CloudFlare Inc., Date: None, Delay: 2820 ms, Speed: 0.49 M/s, Resolution: 1920x1080
Name: 凤凰香港, URL: http://php.jdshipin.com/TVOD/iptv.php?id=fhhk2, IPv_Type: ipv6, Location: 美国, ISP: CloudFlare Inc., Date: None, Delay: 2820 ms, Speed: 0.49 M/s, Resolution: 1920x1080
Name: 凤凰香港, URL: http://php.jdshipin.com:8880/TVOD/iptv.php?id=fhhk, IPv_Type: ipv6, Location: 美国, ISP: CloudFlare Inc., Date: None, Delay: 2820 ms, Speed: 0.49 M/s, Resolution: 1920x1080
Name: 凤凰香港, URL: http://php.jdshipin.com:8880/TVOD/iptv.php?id=fhhk2, IPv_Type: ipv6, Location: 美国, ISP: CloudFlare Inc., Date: None, Delay: 2820 ms, Speed: 0.49 M/s, Resolution: 1920x1080
Name: 凤凰卫视, URL: http://php.jdshipin.com/TVOD/iptv.php?id=fhzw, IPv_Type: ipv6, Location: 美国, ISP: CloudFlare Inc., Date: None, Delay: 2820 ms, Speed: 0.49 M/s, Resolution: 1920x1080
Name: 凤凰卫视, URL: http://php.jdshipin.com:8880/smt.php?id=phoenixtv_hd, IPv_Type: ipv6, Location: 美国, ISP: CloudFlare Inc., Date: None, Delay: 2820 ms, Speed: 0.49 M/s, Resolution: 1920x1080
Name: TVBS亚洲, URL: http://d2e1asnsl7br7b.cloudfront.net/7782e205e72f43aeb4a48ec97f66ebbe/index_5.m3u8?zshijd, IPv_Type: ipv6, Location: 美国, ISP: Amazon, Date: None, Delay: 29 ms, Speed: 95.68 M/s, Resolution: 1920x1080
Name: TVBS亚洲, URL: http://d2e1asnsl7br7b.cloudfront.net/7782e205e72f43aeb4a48ec97f66ebbe/index_5.m3u8?zshijd, IPv_Type: ipv6, Location: 美国, ISP: Amazon, Date: None, Delay: 29 ms, Speed: 95.68 M/s, Resolution: 1920x1080
Name: TVBS亚洲, URL: http://38.64.72.148/hls/modn/list/4005/chunklist1.m3u8, IPv_Type: ipv4, Location: 美国-加利福尼亚州-洛杉矶, ISP: Cogent, Date: None, Delay: 3856 ms, Speed: 0.33 M/s, Resolution: 1920x1080
Name: TVBS亚洲, URL: http://38.64.72.148/hls/modn/list/4005/chunklist1.m3u8, IPv_Type: ipv4, Location: 美国-加利福尼亚州-洛杉矶, ISP: Cogent, Date: None, Delay: 3856 ms, Speed: 0.33 M/s, Resolution: 1920x1080
Name: TVBS亚洲, URL: http://38.64.72.148/hls/modn/list/4005/chunklist0.m3u8, IPv_Type: ipv4, Location: 美国-加利福尼亚州-洛杉矶, ISP: Cogent, Date: None, Delay: 3856 ms, Speed: 0.33 M/s, Resolution: 1920x1080
Name: 香港卫视, URL: rtmp://zhibo.hkstv.tv/livestream/mutfysrq, IPv_Type: ipv4, Location: 美国-伊利诺伊州-库克, ISP: 网宿CDN节点, Date: None, Delay: -1 ms, Speed: inf M/s, Resolution: 1280x720
Name: 纬来体育, URL: rtmp://f13h.mine.nu:1935/sat/tv721, IPv_Type: ipv4, Location: 中国-台湾-台中市, ISP: 中华电信, Date: None, Delay: -1 ms, Speed: inf M/s, Resolution: 1280x720
Name: 纬来体育, URL: rtmp://60.248.77.83/sat/tv721, IPv_Type: ipv4, Location: 中国-台湾, ISP: 中华电信(HiNet)数据中心, Date: None, Delay: -1 ms, Speed: inf M/s, Resolution: 1280x720
Name: 纬来体育, URL: rtmp://9hv9.mine.nu/sat/tv721.flv, IPv_Type: ipv4, Location: 中国-台湾, ISP: 中华电信(HiNet)数据中心, Date: None, Delay: -1 ms, Speed: inf M/s, Resolution: 1280x720
Name: 纬来体育, URL: https://cdn.iptv8k.top/dl/jrys.php?id=292&amp;amp;time=20240926215313&amp;amp;ip=111.229.253.40, IPv_Type: ipv4, Location: 美国, ISP: CloudFlare节点, Date: None, Delay: 11 ms, Speed: 29.30 M/s, Resolution: 1920x1080
Name: 纬来体育, URL: https://cdn.iptv8k.top/dl/jrys.php?id=292&time=20240926215313&ip=111.229.253.40, IPv_Type: ipv4, Location: 美国, ISP: CloudFlare节点, Date: None, Delay: 11 ms, Speed: 29.30 M/s, Resolution: 1920x1080
Name: 纬来体育, URL: https://cdn.iptv8k.top/dl/jrys.php?id=291&time=20240926215313&ip=111.229.253.40, IPv_Type: ipv4, Location: 美国, ISP: CloudFlare节点, Date: None, Delay: 11 ms, Speed: 29.30 M/s, Resolution: 1920x1080
Name: 纬来体育, URL: https://cdn.iptv8k.top/dl/jrys.php?id=292&amp;amp;amp;time=20240926215313&amp;amp;amp;ip=111.229.253.40, IPv_Type: ipv4, Location: 美国, ISP: CloudFlare节点, Date: None, Delay: 11 ms, Speed: 29.30 M/s, Resolution: 1920x1080
Name: 纬来体育, URL: https://cdn.iptv8k.top/dl/jrys.php?id=292&amp;time=20240926215313&amp;ip=111.229.253.40, IPv_Type: ipv4, Location: 美国, ISP: CloudFlare节点, Date: None, Delay: 11 ms, Speed: 29.30 M/s, Resolution: 1920x1080
Name: 纬来体育, URL: https://epg.pw/stream/8855a9936e37e608a0ec8a014cce1673dee9c5d68d560da376cc92e5edef2b25.m3u8, IPv_Type: ipv6, Location: 美国, ISP: CloudFlare Inc., Date: None, Delay: 874 ms, Speed: 0.73 M/s, Resolution: 1920x1080
Name: 纬来体育, URL: https://epg.pw/stream/ab6df63b64d0cc44a1f4f029ed847a26fa54a7aebd455578fb05a63f02c22f4b.m3u8, IPv_Type: ipv6, Location: 美国, ISP: CloudFlare Inc., Date: None, Delay: 874 ms, Speed: 0.73 M/s, Resolution: 1920x1080
Name: 纬来体育, URL: https://epg.pw/stream/4f18dfe0593db5c686eb64ae8edaf2a9202d4d46bdc9bbde2cee27708e12ea01.m3u8, IPv_Type: ipv6, Location: 美国, ISP: CloudFlare Inc., Date: None, Delay: 874 ms, Speed: 0.73 M/s, Resolution: 1920x1080
Name: 纬来育乐, URL: https://cdn.iptv8k.top/dl/jrys.php?id=289&time=20240926215313&ip=111.229.253.40, IPv_Type: ipv4, Location: 美国, ISP: CloudFlare节点, Date: None, Delay: 11 ms, Speed: 29.30 M/s, Resolution: 1920x1080
Name: J2, URL: http://php.jdshipin.com:8880/PLTV/iptv.php?id=j2, IPv_Type: ipv6, Location: 美国, ISP: CloudFlare Inc., Date: None, Delay: 2820 ms, Speed: 0.49 M/s, Resolution: 1920x1080
Name: Viutv, URL: https://cdn.iptv8k.top/dl/jrys.php?id=78&time=20240926215313&ip=111.229.253.40, IPv_Type: ipv4, Location: 美国, ISP: CloudFlare节点, Date: None, Delay: 11 ms, Speed: 29.30 M/s, Resolution: 1920x1080
Name: Viutv, URL: http://php.jdshipin.com:8880/PLTV/iptv.php?id=viutv, IPv_Type: ipv6, Location: 美国, ISP: CloudFlare Inc., Date: None, Delay: 2820 ms, Speed: 0.49 M/s, Resolution: 1920x1080
Name: 三立台湾, URL: https://cdn.iptv8k.top/dl/jrys.php?id=269&time=20240926215313&ip=111.229.253.40, IPv_Type: ipv4, Location: 美国, ISP: CloudFlare节点, Date: None, Delay: 11 ms, Speed: 29.30 M/s, Resolution: 1920x1080
Name: 无线新闻, URL: http://php.jdshipin.com:8880/TVOD/iptv.php?id=tvbxw, IPv_Type: ipv6, Location: 美国, ISP: CloudFlare Inc., Date: None, Delay: 2820 ms, Speed: 0.49 M/s, Resolution: 1920x1080
Name: 三立新闻, URL: https://cdn.iptv8k.top/dl/jrys.php?id=273&time=20240926215313&ip=111.229.253.40, IPv_Type: ipv4, Location: 美国, ISP: CloudFlare节点, Date: None, Delay: 11 ms, Speed: 29.30 M/s, Resolution: 1920x1080
Name: 三立新闻, URL: https://raw.githubusercontent.com/ChiSheng9/iptv/master/TV32.m3u8, IPv_Type: ipv6, Location: 美国, ISP: GitHub+Fastly节点, Date: None, Delay: 222 ms, Speed: 5.11 M/s, Resolution: 1920x1080
Name: 三立新闻, URL: https://raw.githubusercontent.com/ChiSheng9/iptv/master/TV32.m3u8, IPv_Type: ipv6, Location: 美国, ISP: GitHub+Fastly节点, Date: None, Delay: 222 ms, Speed: 5.11 M/s, Resolution: 1920x1080
Name: 三立新闻, URL: https://epg.pw/stream/6b49e3faa38adda85abab446f032dc1e686baa0760a9cfa66e2df8fd6fe3b445.m3u8, IPv_Type: ipv6, Location: 美国, ISP: CloudFlare Inc., Date: None, Delay: 874 ms, Speed: 0.73 M/s, Resolution: 1920x1080
Name: 东森综合, URL: https://cdn.iptv8k.top/dl/jrys.php?id=221&time=20240926215313&ip=111.229.253.40, IPv_Type: ipv4, Location: 美国, ISP: CloudFlare节点, Date: None, Delay: 11 ms, Speed: 29.30 M/s, Resolution: 1920x1080
Name: 东森综合, URL: https://cdn.iptv8k.top/dl/jrys.php?id=220&time=20240926215313&ip=111.229.253.40, IPv_Type: ipv4, Location: 美国, ISP: CloudFlare节点, Date: None, Delay: 11 ms, Speed: 29.30 M/s, Resolution: 1920x1080
Name: 东森综合, URL: https://cdn.iptv8k.top/dl/jrys.php?id=221&amp;time=20240926215313&amp;ip=111.229.253.40, IPv_Type: ipv4, Location: 美国, ISP: CloudFlare节点, Date: None, Delay: 11 ms, Speed: 29.30 M/s, Resolution: 1920x1080
Name: 东森超视, URL: https://cdn.iptv8k.top/dl/jrys.php?id=217&time=20240926215313&ip=111.229.253.40, IPv_Type: ipv4, Location: 美国, ISP: CloudFlare节点, Date: None, Delay: 11 ms, Speed: 29.30 M/s, Resolution: 1920x1080
Name: 东森超视, URL: https://cdn.iptv8k.top/dl/jrys.php?id=216&time=20240926215313&ip=111.229.253.40, IPv_Type: ipv4, Location: 美国, ISP: CloudFlare节点, Date: None, Delay: 11 ms, Speed: 29.30 M/s, Resolution: 1920x1080
Name: 东森超视, URL: https://cdn.iptv8k.top/dl/jrys.php?id=216&time=20240926215313&ip=111.229.253.40#rtmp://f13h.mine.nu/sat/tv331#rtmp://f13h.mine.nu/sat/tv331, IPv_Type: ipv4, Location: 美国, ISP: CloudFlare节点, Date: None, Delay: 11 ms, Speed: 29.30 M/s, Resolution: 1920x1080
Name: 东森超视, URL: http://38.64.72.148:80/hls/modn/list/2013/chunklist0.m3u8, IPv_Type: ipv4, Location: 美国-加利福尼亚州-洛杉矶, ISP: Cogent, Date: None, Delay: 3856 ms, Speed: 0.33 M/s, Resolution: 1920x1080
Name: 东森超视, URL: http://38.64.72.148:80/hls/modn/list/2013/chunklist1.m3u8, IPv_Type: ipv4, Location: 美国-加利福尼亚州-洛杉矶, ISP: Cogent, Date: None, Delay: 3856 ms, Speed: 0.33 M/s, Resolution: 1920x1080
Name: 东森电影, URL: https://cdn.iptv8k.top/dl/jrys.php?id=231&time=20240926215313&ip=111.229.253.40, IPv_Type: ipv4, Location: 美国, ISP: CloudFlare节点, Date: None, Delay: 11 ms, Speed: 29.30 M/s, Resolution: 1920x1080
Name: 靖天资讯, URL: https://cdn.iptv8k.top/dl/jrys.php?id=315&time=20240926215313&ip=111.229.253.40, IPv_Type: ipv4, Location: 美国, ISP: CloudFlare节点, Date: None, Delay: 11 ms, Speed: 29.30 M/s, Resolution: 1920x1080
Name: CHC家庭影院, URL: https://mgtv.ottiptv.cc/migu/644368373.m3u8?migutoken=96653ba44c4403b1bb7de587c539e6861b3a58726df4a0dc3857f7267f85950ff7afe8b2786fbd2ac2cf4dac4e7c05e77b8ed3986bc9c3ab9e62fed4ec527924cf1c81957481f68bdd780f9489, IPv_Type: ipv6, Location: 美国-新泽西州-巴赛克, ISP: DigitalOcean, Date: None, Delay: 26 ms, Speed: 18.39 M/s, Resolution: 1920x1080
Name: CHC家庭影院, URL: https://mgtv.ottiptv.cc/migu/644368373.m3u8?migutoken=02f6073a65cfa4b76b8198be1bbc271ad8399a5a7eba28b6d2b5a1fd269162f4e5d78202d5515f6a21832743887f1e19f9c93e34c348532e77d8b083727e41097fb2ee9c27f1606dea802ad3d5, IPv_Type: ipv6, Location: 美国, ISP: Oracle Corporation, Date: None, Delay: 26 ms, Speed: 18.39 M/s, Resolution: 1920x1080
Name: CHC动作电影, URL: http://129.150.54.232:10001/yy/1382736809, IPv_Type: ipv4, Location: 美国, ISP: , Date: None, Delay: 2336 ms, Speed: 0.41 M/s, Resolution: 1280x720
Name: CHC动作电影, URL: http://129.150.54.232:10001/yy/1382736809, IPv_Type: ipv4, Location: 美国, ISP: , Date: None, Delay: 2336 ms, Speed: 0.41 M/s, Resolution: 1280x720
Name: CHC动作电影, URL: http://129.150.54.232:10001/yy/1382736823, IPv_Type: ipv4, Location: 美国, ISP: , Date: None, Delay: 2336 ms, Speed: 0.41 M/s, Resolution: 1280x720
Name: NewTV惊悚悬疑, URL: http://php.jdshipin.com/TVOD/hnyd.php?id=200000001898/460000089800010077, IPv_Type: ipv6, Location: 美国, ISP: CloudFlare Inc., Date: None, Delay: 2820 ms, Speed: 0.49 M/s, Resolution: 1920x1080
Name: NewTV动作电影, URL: http://php.jdshipin.com/TVOD/hnyd.php?id=200000001898/460000089800010003, IPv_Type: ipv6, Location: 美国, ISP: CloudFlare Inc., Date: None, Delay: 2820 ms, Speed: 0.49 M/s, Resolution: 1920x1080
Name: 黑莓电影, URL: https://epg.pw/stream/ffcb6572863f0745a7369fbd9d901f1dfd0ab8fab8bad8bebb4e01c90b303c47.m3u8, IPv_Type: ipv6, Location: 美国, ISP: CloudFlare Inc., Date: None, Delay: 874 ms, Speed: 0.73 M/s, Resolution: 1920x1080
Name: 黑莓电影, URL: http://php.jdshipin.com/TVOD/hnyd.php?id=200000001898/460000089800010073, IPv_Type: ipv6, Location: 美国, ISP: CloudFlare Inc., Date: None, Delay: 2820 ms, Speed: 0.49 M/s, Resolution: 1920x1080
Name: 纬来电影, URL: http://free.cnlive.club/channel/581b458b.m3u8?q=111.170.171.148, IPv_Type: ipv4, Location: 美国-内华达州-克拉克, ISP: BuyVM, Date: None, Delay: 598 ms, Speed: 5.24 M/s, Resolution: 1920x1080
Name: 纬来电影, URL: http://free.cnlive.club/channel/581b458b.m3u8?q=111.170.171.148, IPv_Type: ipv4, Location: 美国-内华达州-克拉克, ISP: BuyVM, Date: None, Delay: 598 ms, Speed: 5.24 M/s, Resolution: 1920x1080
Name: 靖天映画, URL: https://cdn.iptv8k.top/dl/jrys.php?id=320&time=20240926215313&ip=111.229.253.40, IPv_Type: ipv4, Location: 美国, ISP: CloudFlare节点, Date: None, Delay: 11 ms, Speed: 29.30 M/s, Resolution: 1920x1080
Name: 靖天戏剧, URL: https://cdn.iptv8k.top/dl/jrys.php?id=318&time=20240926215313&ip=111.229.253.40, IPv_Type: ipv4, Location: 美国, ISP: CloudFlare节点, Date: None, Delay: 11 ms, Speed: 29.30 M/s, Resolution: 1920x1080
Name: 经典电影, URL: https://cdn.iptv8k.top/dl/jrys.php?id=396&time=20240926215313&ip=111.229.253.40, IPv_Type: ipv4, Location: 美国, ISP: CloudFlare节点, Date: None, Delay: 11 ms, Speed: 29.30 M/s, Resolution: 1920x1080
Name: 经典电影, URL: http://61.163.181.78:9901/tsfile/live/1059_1.m3u8, IPv_Type: ipv4, Location: 中国-河南-驻马店, ISP: 联通, Date: None, Delay: 12196 ms, Speed: 0.05 M/s, Resolution: 1920x1080
Name: 经典电影, URL: http://61.163.181.78/rtp/225.1.4.175:1233$河南联通组播源-cache:61.163.181.78, IPv_Type: ipv4, Location: 中国-河南-驻马店, ISP: 联通, Date: 2024-02-07, Delay: 12196 ms, Speed: 0.05 M/s, Resolution: 1920x1080
Name: 天映经典, URL: https://cdn.iptv8k.top/dl/jrys.php?id=71&time=20240926215313&ip=111.229.253.40, IPv_Type: ipv4, Location: 美国, ISP: CloudFlare节点, Date: None, Delay: 11 ms, Speed: 29.30 M/s, Resolution: 1920x1080
Name: 天映经典, URL: https://classicarts.akamaized.net/hls/live/1024257/CAS/master.m3u8, IPv_Type: ipv6, Location: 美国, ISP: Akamai Technologies Inc., Date: None, Delay: 546 ms, Speed: 14.34 M/s, Resolution: 1280x720
Name: 天映经典, URL: https://classicarts.akamaized.net/hls/live/1024257/CAS/master.m3u8, IPv_Type: ipv6, Location: 美国, ISP: Akamai Technologies Inc., Date: None, Delay: 546 ms, Speed: 14.34 M/s, Resolution: 1280x720
Name: 天映经典, URL: https://epg.pw/stream/cb817875cf26eb683af274dd8cdf7f559a71353d9565c32447c8d98894bc8095.ctv, IPv_Type: ipv6, Location: 美国, ISP: CloudFlare Inc., Date: None, Delay: 874 ms, Speed: 0.73 M/s, Resolution: 1920x1080
Name: 无线星河, URL: http://php.jdshipin.com/smt.php?id=Xinhe, IPv_Type: ipv6, Location: 美国, ISP: CloudFlare Inc., Date: None, Delay: 2820 ms, Speed: 0.49 M/s, Resolution: 1920x1080
Name: 星空卫视, URL: https://cdn.iptv8k.top/dl/jrys.php?id=21&time=20240926215313&ip=111.229.253.40, IPv_Type: ipv4, Location: 美国, ISP: CloudFlare节点, Date: None, Delay: 11 ms, Speed: 29.30 M/s, Resolution: 1920x1080
Name: 东森电影, URL: https://cdn.iptv8k.top/dl/jrys.php?id=231&time=20240926215313&ip=111.229.253.40, IPv_Type: ipv4, Location: 美国, ISP: CloudFlare节点, Date: None, Delay: 11 ms, Speed: 29.30 M/s, Resolution: 1920x1080
Name: 东森洋片, URL: https://cdn.iptv8k.top/dl/jrys.php?id=232&time=20240926215313&ip=111.229.253.40, IPv_Type: ipv4, Location: 美国, ISP: CloudFlare节点, Date: None, Delay: 11 ms, Speed: 29.30 M/s, Resolution: 1920x1080
Name: 东森超视, URL: https://cdn.iptv8k.top/dl/jrys.php?id=217&time=20240926215313&ip=111.229.253.40, IPv_Type: ipv4, Location: 美国, ISP: CloudFlare节点, Date: None, Delay: 11 ms, Speed: 29.30 M/s, Resolution: 1920x1080
Name: 东森超视, URL: https://cdn.iptv8k.top/dl/jrys.php?id=216&time=20240926215313&ip=111.229.253.40, IPv_Type: ipv4, Location: 美国, ISP: CloudFlare节点, Date: None, Delay: 11 ms, Speed: 29.30 M/s, Resolution: 1920x1080
Name: 东森超视, URL: https://cdn.iptv8k.top/dl/jrys.php?id=216&time=20240926215313&ip=111.229.253.40#rtmp://f13h.mine.nu/sat/tv331#rtmp://f13h.mine.nu/sat/tv331, IPv_Type: ipv4, Location: 美国, ISP: CloudFlare节点, Date: None, Delay: 11 ms, Speed: 29.30 M/s, Resolution: 1920x1080
Name: 东森超视, URL: http://38.64.72.148:80/hls/modn/list/2013/chunklist0.m3u8, IPv_Type: ipv4, Location: 美国-加利福尼亚州-洛杉矶, ISP: Cogent, Date: None, Delay: 3856 ms, Speed: 0.33 M/s, Resolution: 1920x1080
Name: 东森超视, URL: http://38.64.72.148:80/hls/modn/list/2013/chunklist1.m3u8, IPv_Type: ipv4, Location: 美国-加利福尼亚州-洛杉矶, ISP: Cogent, Date: None, Delay: 3856 ms, Speed: 0.33 M/s, Resolution: 1920x1080
Name: CCTV-5, URL: http://39.152.103.17:8089/tsfile/live/1004_1.m3u8, IPv_Type: ipv4, Location: 中国-辽宁-阜新, ISP: 移动, Date: None, Delay: 12401 ms, Speed: 0.09 M/s, Resolution: None
Name: 广东体育, URL: https://epg.pw/stream/7b470f9fc5c305db0c8622117b7b25ca00eb35ba3e93e865cf0ff9df5c736681.m3u8, IPv_Type: ipv6, Location: 美国, ISP: CloudFlare Inc., Date: None, Delay: 874 ms, Speed: 0.73 M/s, Resolution: 1920x1080
Name: 广东体育, URL: http://php.jdshipin.com/PLTV/iptv.php?id=gdty, IPv_Type: ipv6, Location: 美国, ISP: CloudFlare Inc., Date: None, Delay: 2820 ms, Speed: 0.49 M/s, Resolution: 1920x1080
Name: 广东体育, URL: http://php.jdshipin.com/TVOD/iptv.php?id=gdty, IPv_Type: ipv6, Location: 美国, ISP: CloudFlare Inc., Date: None, Delay: 2820 ms, Speed: 0.49 M/s, Resolution: 1920x1080
Name: 纬来体育, URL: https://cdn.iptv8k.top/dl/jrys.php?id=292&amp;amp;time=20240926215313&amp;amp;ip=111.229.253.40, IPv_Type: ipv4, Location: 美国, ISP: CloudFlare节点, Date: None, Delay: 11 ms, Speed: 29.30 M/s, Resolution: 1920x1080
Name: 纬来体育, URL: https://cdn.iptv8k.top/dl/jrys.php?id=292&time=20240926215313&ip=111.229.253.40, IPv_Type: ipv4, Location: 美国, ISP: CloudFlare节点, Date: None, Delay: 11 ms, Speed: 29.30 M/s, Resolution: 1920x1080
Name: 纬来体育, URL: https://cdn.iptv8k.top/dl/jrys.php?id=291&time=20240926215313&ip=111.229.253.40, IPv_Type: ipv4, Location: 美国, ISP: CloudFlare节点, Date: None, Delay: 11 ms, Speed: 29.30 M/s, Resolution: 1920x1080
Name: 纬来体育, URL: https://cdn.iptv8k.top/dl/jrys.php?id=292&amp;amp;amp;time=20240926215313&amp;amp;amp;ip=111.229.253.40, IPv_Type: ipv4, Location: 美国, ISP: CloudFlare节点, Date: None, Delay: 11 ms, Speed: 29.30 M/s, Resolution: 1920x1080
Name: 纬来体育, URL: https://cdn.iptv8k.top/dl/jrys.php?id=292&amp;time=20240926215313&amp;ip=111.229.253.40, IPv_Type: ipv4, Location: 美国, ISP: CloudFlare节点, Date: None, Delay: 11 ms, Speed: 29.30 M/s, Resolution: 1920x1080
Name: 纬来体育, URL: https://epg.pw/stream/8855a9936e37e608a0ec8a014cce1673dee9c5d68d560da376cc92e5edef2b25.m3u8, IPv_Type: ipv6, Location: 美国, ISP: CloudFlare Inc., Date: None, Delay: 874 ms, Speed: 0.73 M/s, Resolution: 1920x1080
Name: 纬来体育, URL: https://epg.pw/stream/ab6df63b64d0cc44a1f4f029ed847a26fa54a7aebd455578fb05a63f02c22f4b.m3u8, IPv_Type: ipv6, Location: 美国, ISP: CloudFlare Inc., Date: None, Delay: 874 ms, Speed: 0.73 M/s, Resolution: 1920x1080
Name: 纬来体育, URL: https://epg.pw/stream/4f18dfe0593db5c686eb64ae8edaf2a9202d4d46bdc9bbde2cee27708e12ea01.m3u8, IPv_Type: ipv6, Location: 美国, ISP: CloudFlare Inc., Date: None, Delay: 874 ms, Speed: 0.73 M/s, Resolution: 1920x1080
Name: 劲爆体育, URL: http://php.jdshipin.com/itv6s.php?cid=hnbblive&id=2000000002000000008, IPv_Type: ipv6, Location: 美国, ISP: CloudFlare Inc., Date: None, Delay: 2820 ms, Speed: 0.49 M/s, Resolution: 1920x1080
Name: 爱体育, URL: http://php.jdshipin.com:8880/itv6s.php?cid=wasusyt&id=6000000006000290630, IPv_Type: ipv6, Location: 美国, ISP: CloudFlare Inc., Date: None, Delay: 2820 ms, Speed: 0.49 M/s, Resolution: 1920x1080
Name: 爱体育, URL: http://61.163.181.78/rtp/225.1.4.5:1034$河南联通组播源-cache:61.163.181.78, IPv_Type: ipv4, Location: 中国-河南-驻马店, ISP: 联通, Date: 2024-02-07, Delay: 12196 ms, Speed: 0.05 M/s, Resolution: 1920x1080
Name: 爱体育, URL: http://61.163.181.78/rtp/225.1.4.168:1220$河南联通组播源-cache:61.163.181.78, IPv_Type: ipv4, Location: 中国-河南-驻马店, ISP: 联通, Date: 2024-02-07, Delay: 12196 ms, Speed: 0.05 M/s, Resolution: 1920x1080
Name: 精品体育, URL: https://epg.pw/stream/f7556eccd4ae06b0c2991fdc7a4f8388496559f728cc82459a8e50346040e226.m3u8, IPv_Type: ipv6, Location: 美国, ISP: CloudFlare Inc., Date: None, Delay: 874 ms, Speed: 0.73 M/s, Resolution: 1920x1080
Name: 精品体育, URL: https://epg.pw/stream/94ed0232b61ce8d89883160a4cdfbfc8f3225cae70ef8e17d93eec249a3c8ad6.m3u8, IPv_Type: ipv6, Location: 美国, ISP: CloudFlare Inc., Date: None, Delay: 874 ms, Speed: 0.73 M/s, Resolution: 1920x1080
Name: 精品体育, URL: https://epg.pw/stream/866a097a0907c9832440f8df38272dd555abf05200dfbafcc137e214c9b30ca7.m3u8, IPv_Type: ipv6, Location: 美国, ISP: CloudFlare Inc., Date: None, Delay: 874 ms, Speed: 0.73 M/s, Resolution: 1920x1080
Name: 广州竞赛, URL: http://php.jdshipin.com:8880/gztv.php?id=jingsai#https://tencentplay.gztv.com/live/jingsai.m3u8?txSecret=49c8041461997c7a97dbcc3c7fd11b4f&txTime=18d00acf487, IPv_Type: ipv6, Location: 美国, ISP: CloudFlare Inc., Date: None, Delay: 2820 ms, Speed: 0.49 M/s, Resolution: 1920x1080
Name: 山东体育, URL: http://satellitepull.cnr.cn/live/wxsdtyxxgb/playlist.m3u8, IPv_Type: ipv4, Location: 美国-德克萨斯州-达拉斯, ISP: 网宿科技CDN节点, Date: None, Delay: 6 ms, Speed: 16.96 M/s, Resolution: None
Name: 山东体育, URL: https://satellitepull.cnr.cn/live/wxsdtyxxgb/playlist.m3u8, IPv_Type: ipv4, Location: 美国-德克萨斯州-达拉斯, ISP: 网宿科技CDN节点, Date: None, Delay: 11 ms, Speed: 11.21 M/s, Resolution: None
Name: 山东体育, URL: http://123.129.70.178:9901/tsfile/live/1001_1.m3u8?key=txiptv&amp;playlive=1&amp;authid=0, IPv_Type: ipv4, Location: 中国-山东-东营, ISP: 联通, Date: 2024-02-07, Delay: 12233 ms, Speed: 0.11 M/s, Resolution: 720x576
Name: 山东体育, URL: http://123.129.70.178:9901/tsfile/live/1001_1.m3u8?key=txiptv&amp;amp;playlive=1&amp;amp;authid=0, IPv_Type: ipv4, Location: 中国-山东-东营, ISP: 联通, Date: None, Delay: 12233 ms, Speed: 0.11 M/s, Resolution: 720x576
Name: 山东体育, URL: http://123.129.70.178/rtp/239.253.254.22:8000$山东联通组播源-cache:123.129.70.178, IPv_Type: ipv4, Location: 中国-山东-东营, ISP: 联通, Date: 2024-02-07, Delay: 12233 ms, Speed: 0.11 M/s, Resolution: 720x576
Name: 山东体育, URL: http://live.xmcdn.com/live/805/64.m3u8, IPv_Type: ipv4, Location: 美国-德克萨斯州-达拉斯, ISP: 网宿科技CDN节点, Date: None, Delay: 982 ms, Speed: 0.06 M/s, Resolution: None
Name: 风云足球, URL: https://epg.pw/stream/6d7bf281e3d739806a73f5373acaa6e01988ec9739f5ac1355ce54b47a928472.m3u8, IPv_Type: ipv6, Location: 美国, ISP: CloudFlare Inc., Date: None, Delay: 874 ms, Speed: 0.73 M/s, Resolution: 1920x1080
Name: 风云足球, URL: https://epg.pw/stream/ac8062ec9484078061d3bef507c15a423ac57ae4144e3fcc4b0a198dd420f911.m3u8, IPv_Type: ipv6, Location: 美国, ISP: CloudFlare Inc., Date: None, Delay: 874 ms, Speed: 0.73 M/s, Resolution: 1920x1080
Name: 风云足球, URL: http://27.41.245.32:801/hls/906/index.m3u8, IPv_Type: ipv4, Location: 中国-广东-汕头, ISP: 联通, Date: None, Delay: 12308 ms, Speed: 0.12 M/s, Resolution: None
Name: 魅力足球, URL: http://123.129.70.178/rtp/239.253.254.100:8000$山东联通组播源-cache:123.129.70.178, IPv_Type: ipv4, Location: 中国-山东-东营, ISP: 联通, Date: 2024-02-07, Delay: 12233 ms, Speed: 0.11 M/s, Resolution: 720x576
Name: 快乐垂钓, URL: http://php.jdshipin.com/itv6.php?cid=bestzb&id=5000000011000031206, IPv_Type: ipv6, Location: 美国, ISP: CloudFlare Inc., Date: None, Delay: 2820 ms, Speed: 0.49 M/s, Resolution: 1920x1080
Name: JJ斗地主, URL: http://huanqiuzhibo.cn/manifest/douyu.php?id=488743, IPv_Type: ipv4, Location: 美国-加利福尼亚州-洛杉矶, ISP: IT7网络, Date: None, Delay: 1396 ms, Speed: 0.14 M/s, Resolution: 1920x1080
Name: JJ斗地主, URL: http://huanqiuzhibo.cn/manifest/douyu.php?id=488743, IPv_Type: ipv4, Location: 美国-加利福尼亚州-洛杉矶, ISP: IT7网络, Date: None, Delay: 1396 ms, Speed: 0.14 M/s, Resolution: 1920x1080
Name: 少儿动画, URL: http://61.163.181.78/rtp/225.1.4.189:1238$河南联通组播源-cache:61.163.181.78, IPv_Type: ipv4, Location: 中国-河南-驻马店, ISP: 联通, Date: 2024-02-07, Delay: 12196 ms, Speed: 0.05 M/s, Resolution: 1920x1080
Name: 卡酷动画, URL: http://61.163.181.78/rtp/225.1.4.48:1077$河南联通组播源-cache:61.163.181.78, IPv_Type: ipv4, Location: 中国-河南-驻马店, ISP: 联通, Date: 2024-02-07, Delay: 12196 ms, Speed: 0.05 M/s, Resolution: 1920x1080
Name: 动漫秀场, URL: http://php.jdshipin.com/itv6.php?cid=bestzb&id=5000000011000031113, IPv_Type: ipv6, Location: 美国, ISP: CloudFlare Inc., Date: None, Delay: 2820 ms, Speed: 0.49 M/s, Resolution: 1920x1080
Name: 新动漫, URL: http://61.163.181.78/rtp/225.1.4.212:1265$河南联通组播源-cache:61.163.181.78, IPv_Type: ipv4, Location: 中国-河南-驻马店, ISP: 联通, Date: 2024-02-07, Delay: 12196 ms, Speed: 0.05 M/s, Resolution: 1920x1080
Name: 爱动漫, URL: http://php.jdshipin.com:8880/itv6s.php?cid=wasusyt&id=6000000006000280630, IPv_Type: ipv6, Location: 美国, ISP: CloudFlare Inc., Date: None, Delay: 2820 ms, Speed: 0.49 M/s, Resolution: 1920x1080
Name: CN卡通, URL: https://cdn.iptv8k.top/dl/jrys.php?id=364&time=20240926215313&ip=111.229.253.40, IPv_Type: ipv4, Location: 美国, ISP: CloudFlare节点, Date: None, Delay: 11 ms, Speed: 29.30 M/s, Resolution: 1920x1080
Name: 优漫卡通, URL: http://php.jdshipin.com/TVOD/hnyd.php?id=200000001898/460000089800010118, IPv_Type: ipv6, Location: 美国, ISP: CloudFlare Inc., Date: None, Delay: 2820 ms, Speed: 0.49 M/s, Resolution: 1920x1080
Name: 金鹰卡通, URL: http://123.129.70.178/rtp/239.253.254.117:8000$山东联通组播源-cache:123.129.70.178, IPv_Type: ipv4, Location: 中国-山东-东营, ISP: 联通, Date: 2024-02-07, Delay: 12233 ms, Speed: 0.11 M/s, Resolution: 720x576
Name: 金鹰卡通, URL: http://61.163.181.78/rtp/225.1.4.49:1078$河南联通组播源-cache:61.163.181.78, IPv_Type: ipv4, Location: 中国-河南-驻马店, ISP: 联通, Date: 2024-02-07, Delay: 12196 ms, Speed: 0.05 M/s, Resolution: 1920x1080
Name: 金鹰卡通, URL: http://101.66.199.211:9901/tsfile/live/1000_1.m3u8?key=txiptv&playlive=0&authid=0, IPv_Type: ipv4, Location: 中国-浙江-金华, ISP: 联通, Date: None, Delay: 8054 ms, Speed: 0.00 M/s, Resolution: None
Name: 金鹰卡通, URL: http://101.66.199.211:9901/tsfile/live/1000_1.m3u8?key=txiptv&playlive=0&authid=0, IPv_Type: ipv4, Location: 中国-浙江-金华, ISP: 联通, Date: None, Delay: 8054 ms, Speed: 0.00 M/s, Resolution: None
Name: 黑莓动画, URL: http://php.jdshipin.com/TVOD/hnyd.php?id=200000001898/460000089800010002, IPv_Type: ipv6, Location: 美国, ISP: CloudFlare Inc., Date: None, Delay: 2820 ms, Speed: 0.49 M/s, Resolution: 1920x1080
Name: 浙江少儿, URL: https://ali-m-l.cztv.com/channels/lantian/channel008/1080p.m3u8, IPv_Type: ipv6, Location: 中国-广西-防城港, ISP: 电信, Date: None, Delay: 2054 ms, Speed: 0.93 M/s, Resolution: 1920x1080
Name: 浙江少儿, URL: http://ali-m-l.cztv.com/channels/lantian/channel008/1080p.m3u8, IPv_Type: ipv6, Location: 中国-广西-防城港, ISP: 电信, Date: None, Delay: 1421 ms, Speed: 0.49 M/s, Resolution: 1920x1080
Name: 浙江少儿, URL: http://ali-m-l.cztv.com/channels/lantian/channel008/1080p.m3u8?fbl=, IPv_Type: ipv6, Location: 中国-广西-防城港, ISP: 电信, Date: None, Delay: 1421 ms, Speed: 0.49 M/s, Resolution: 1920x1080
Name: 浙江少儿, URL: http://ali-vl.cztv.com/channels/lantian/channel008/360p.m3u8, IPv_Type: ipv6, Location: 中国, ISP: 中国电信, Date: None, Delay: 1820 ms, Speed: 0.38 M/s, Resolution: 1920x1080
Name: 浙江少儿, URL: http://ali-vl.cztv.com/channels/lantian/channel008/360p.m3u8?a=1000&amp;d=83b26bacf5397c013aff782b2c4287d0&amp;k=c99bdac76cff6ddc27e750ba689b7d5b&amp;t=1704368408, IPv_Type: ipv4, Location: 中国-上海-上海, ISP: 电信, Date: None, Delay: 1820 ms, Speed: 0.38 M/s, Resolution: 1920x1080
Name: 河北少儿科教, URL: https://event.pull.hebtv.com/jishi/shaoerkejiao.m3u8, IPv_Type: ipv6, Location: 中国, ISP: 中国电信, Date: None, Delay: 3365 ms, Speed: 1.12 M/s, Resolution: 1920x1080
Name: 七龙珠, URL: https://live.ottiptv.cc/huya/11601966, IPv_Type: ipv6, Location: 美国-新泽西州-巴赛克, ISP: DigitalOcean, Date: None, Delay: 352 ms, Speed: 0.26 M/s, Resolution: 960x720
Name: 七龙珠, URL: https://live.ottiptv.cc/huya/11601966, IPv_Type: ipv6, Location: 美国-新泽西州-巴赛克, ISP: DigitalOcean, Date: None, Delay: 352 ms, Speed: 0.26 M/s, Resolution: 960x720
Name: 七龙珠, URL: http://www.douzhicloud.site:35455/huya/11601966, IPv_Type: ipv4, Location: 中国-北京-北京, ISP: 联通, Date: None, Delay: 353 ms, Speed: 0.25 M/s, Resolution: 960x720
Name: 七龙珠, URL: http://www.douzhicloud.site:35455/huya/11601966, IPv_Type: ipv4, Location: 中国-北京-北京, ISP: 联通, Date: None, Delay: 353 ms, Speed: 0.25 M/s, Resolution: 960x720
Name: 七龙珠, URL: http://huanqiuzhibo.cn/manifest/huya.php?id=11601966, IPv_Type: ipv4, Location: 美国-加利福尼亚州-洛杉矶, ISP: IT7网络, Date: None, Delay: 1396 ms, Speed: 0.14 M/s, Resolution: 1920x1080
Name: 火影忍者, URL: https://hd.ijycnd.com/play/Yer3NWLa/index.m3u8, IPv_Type: ipv4, Location: 中国-湖南-长沙, ISP: 湖南有线电视网络(集团)股份有限公司广东联通节点, Date: None, Delay: 2121 ms, Speed: 1.28 M/s, Resolution: 1920x1032
Name: 火影忍者, URL: https://hd.ijycnd.com/play/Yer3NWLa/index.m3u8, IPv_Type: ipv4, Location: 中国-湖南-长沙, ISP: 湖南有线电视网络(集团)股份有限公司广东联通节点, Date: None, Delay: 2121 ms, Speed: 1.28 M/s, Resolution: 1920x1032
Name: 海绵宝宝, URL: http://1.94.31.214:35455/huya/11352919, IPv_Type: ipv4, Location: 中国-上海-上海, ISP: 华为云, Date: None, Delay: 18 ms, Speed: 54.69 M/s, Resolution: 1920x1080
Name: 海绵宝宝, URL: http://zzy789.xyz/douyu1.php?id=3949681, IPv_Type: ipv4, Location: 美国-加利福尼亚州-洛杉矶, ISP: IT7网络, Date: None, Delay: 1352 ms, Speed: 1.09 M/s, Resolution: 896x688
Name: 海绵宝宝, URL: http://zzy789.xyz/douyu1.php?id=3949681, IPv_Type: ipv4, Location: 美国-加利福尼亚州-洛杉矶, ISP: IT7网络, Date: None, Delay: 1352 ms, Speed: 1.09 M/s, Resolution: 896x688
Name: 海绵宝宝, URL: http://zzy789.xyz/douyu1.php?id=1569773, IPv_Type: ipv4, Location: 美国-加利福尼亚州-洛杉矶, ISP: IT7网络, Date: None, Delay: 1352 ms, Speed: 1.09 M/s, Resolution: 896x688
Name: 中华小当家, URL: https://live.ottiptv.cc/huya/11342413, IPv_Type: ipv6, Location: 美国-新泽西州-巴赛克, ISP: DigitalOcean, Date: None, Delay: 352 ms, Speed: 0.26 M/s, Resolution: 960x720
Name: 猫和老鼠, URL: https://live.ottiptv.cc/huya/11352879, IPv_Type: ipv6, Location: 美国-新泽西州-巴赛克, ISP: DigitalOcean, Date: None, Delay: 352 ms, Speed: 0.26 M/s, Resolution: 960x720
Name: 经典动漫, URL: https://www.goodiptv.club/yy/22777075, IPv_Type: ipv6, Location: 美国, ISP: CloudFlare Inc., Date: None, Delay: 49 ms, Speed: 10.50 M/s, Resolution: 1920x1080
Name: 经典动漫, URL: https://www.goodiptv.club/yy/22777075, IPv_Type: ipv6, Location: 美国, ISP: CloudFlare Inc., Date: None, Delay: 49 ms, Speed: 10.50 M/s, Resolution: 1920x1080
Name: 蜡笔小新, URL: http://www.douzhicloud.site:35455/bilibili/30837590, IPv_Type: ipv4, Location: 中国-北京-北京, ISP: 联通, Date: None, Delay: 353 ms, Speed: 0.25 M/s, Resolution: 960x720
Name: 漫画解说, URL: https://www.goodiptv.club/douyu/5907076, IPv_Type: ipv6, Location: 美国, ISP: CloudFlare Inc., Date: None, Delay: 49 ms, Speed: 10.50 M/s, Resolution: 1920x1080
Name: 游戏风云, URL: http://php.jdshipin.com/itv6.php?cid=bestzb&id=5000000011000031114, IPv_Type: ipv6, Location: 美国, ISP: CloudFlare Inc., Date: None, Delay: 2820 ms, Speed: 0.49 M/s, Resolution: 1920x1080
Name: 游戏风云, URL: http://123.129.70.178/rtp/239.253.254.95:8000$山东联通组播源-cache:123.129.70.178, IPv_Type: ipv4, Location: 中国-山东-东营, ISP: 联通, Date: 2024-02-07, Delay: 12233 ms, Speed: 0.11 M/s, Resolution: 720x576
Name: 爱电竞, URL: http://php.jdshipin.com:8880/itv6s.php?cid=wasusyt&id=6000000006000230630, IPv_Type: ipv6, Location: 美国, ISP: CloudFlare Inc., Date: None, Delay: 2820 ms, Speed: 0.49 M/s, Resolution: 1920x1080
Name: CCTV-15, URL: http://39.152.103.17:8089/tsfile/live/1014_1.m3u8, IPv_Type: ipv4, Location: 中国-辽宁-阜新, ISP: 移动, Date: None, Delay: 12401 ms, Speed: 0.09 M/s, Resolution: None
Name: 音乐现场, URL: http://satellitepull.cnr.cn/live/wx32nmgyygb/playlist.m3u8, IPv_Type: ipv4, Location: 美国-加利福尼亚州-洛杉矶, ISP: 网宿科技CDN节点, Date: None, Delay: 6 ms, Speed: 16.96 M/s, Resolution: None
Name: 音乐现场, URL: https://satellitepull.cnr.cn/live/wx32nmgyygb/playlist.m3u8, IPv_Type: ipv4, Location: 美国-加利福尼亚州-洛杉矶, ISP: 网宿科技CDN节点, Date: None, Delay: 11 ms, Speed: 11.21 M/s, Resolution: None
Name: 音乐现场, URL: http://61.163.181.78/rtp/225.1.4.184:1224$河南联通组播源-cache:61.163.181.78, IPv_Type: ipv4, Location: 中国-河南-驻马店, ISP: 联通, Date: 2024-02-07, Delay: 12196 ms, Speed: 0.05 M/s, Resolution: 1920x1080
Name: 音乐之声, URL: http://satellitepull.cnr.cn/live/wx32nmgyygb/playlist.m3u8, IPv_Type: ipv4, Location: 美国-德克萨斯州-达拉斯, ISP: 网宿科技CDN节点, Date: None, Delay: 6 ms, Speed: 16.96 M/s, Resolution: None
Name: 音乐之声, URL: https://satellitepull.cnr.cn/live/wx32nmgyygb/playlist.m3u8, IPv_Type: ipv4, Location: 美国-德克萨斯州-达拉斯, ISP: 网宿科技CDN节点, Date: None, Delay: 11 ms, Speed: 11.21 M/s, Resolution: None
Name: 音乐之声, URL: http://a.live.hnradio.com/yypd/radio120k_yypd.m3u8?auth_key=1588751172-0-0-d97b858279c1c86650172b9913ea4af2, IPv_Type: ipv4, Location: 中国-上海-上海, ISP: 电信, Date: None, Delay: 1526 ms, Speed: 0.13 M/s, Resolution: None
Name: 音乐之声, URL: http://a.live.hnradio.com/yypd/radio120k_yypd.m3u8?auth_key=1588751172-0-0-d97b858279c1c86650172b9913ea4af2, IPv_Type: ipv4, Location: 中国-上海-上海, ISP: 电信, Date: None, Delay: 1526 ms, Speed: 0.13 M/s, Resolution: None
Name: 音乐之声, URL: http://live.xmcdn.com/live/1205/64.m3u8, IPv_Type: ipv4, Location: 美国-德克萨斯州-达拉斯, ISP: 网宿科技CDN节点, Date: None, Delay: 982 ms, Speed: 0.06 M/s, Resolution: None
Name: 潮流音乐, URL: http://play-radio-stream3.hndt.com/now/Or5au0KN/playlist.m3u8, IPv_Type: ipv4, Location: 美国-伊利诺伊州-库克, ISP: 网宿CDN节点, Date: None, Delay: 26 ms, Speed: 11.42 M/s, Resolution: None
Name: 潮流音乐, URL: http://play-radio-stream3.hndt.com/now/Or5au0KN/playlist.m3u8, IPv_Type: ipv4, Location: 美国-伊利诺伊州-库克, ISP: 网宿CDN节点, Date: None, Delay: 26 ms, Speed: 11.42 M/s, Resolution: None
Name: 笑傲江湖, URL: http://www.douzhicloud.site:35455/huya/23865142, IPv_Type: ipv4, Location: 中国-北京-北京, ISP: 联通, Date: None, Delay: 353 ms, Speed: 0.25 M/s, Resolution: 960x720
Name: 笑傲江湖, URL: http://huanqiuzhibo.cn/manifest/huya.php?id=26355790, IPv_Type: ipv4, Location: 美国-加利福尼亚州-洛杉矶, ISP: IT7网络, Date: None, Delay: 1396 ms, Speed: 0.14 M/s, Resolution: 1920x1080
Name: 天龙八部, URL: https://txmov2.a.kwimgs.com/upic/2021/02/26/11/BMjAyMTAyMjYxMTAwNTBfNDAzMDAxOTlfNDUwNDcyNzM5MTRfMF8z_b_B75ed716649c36f65fc2354f75dba47a5.mp4, IPv_Type: ipv4, Location: 美国-加利福尼亚州-圣克拉拉, ISP: 腾讯云, Date: None, Delay: 47 ms, Speed: 55.78 M/s, Resolution: 1280x720
Name: 天龙八部, URL: https://godmusic.bs2dl.yy.com/dHZlZmVhMWUxMDYzYjQ0ZmJkYjU4MmE4NDlkYjRmNmMxMy0xMTY2Mzk0Njky?Cf=cf.mp4, IPv_Type: ipv4, Location: 中国-浙江-温州, ISP: 电信, Date: None, Delay: 203 ms, Speed: 9.73 M/s, Resolution: 720x1280
Name: 天龙八部, URL: https://godmusic.bs2dl.yy.com/dHZlZmVhMWUxMDYzYjQ0ZmJkYjU4MmE4NDlkYjRmNmMxMy0xMTY2Mzk0Njky?Cf=cf.mp4, IPv_Type: ipv4, Location: 中国-浙江-温州, ISP: 电信, Date: None, Delay: 203 ms, Speed: 9.73 M/s, Resolution: 720x1280
Name: 天龙八部, URL: https://vip1.lz-cdn1.com/20230217/20640_9eee7111/index.m3u8, IPv_Type: ipv4, Location: 美国-乔治亚州-富尔顿, ISP: Global_Net_Access公司, Date: None, Delay: 779 ms, Speed: 0.64 M/s, Resolution: 1920x806
Name: 天龙八部, URL: https://vip1.lz-cdn1.com/20230217/20640_9eee7111/index.m3u8, IPv_Type: ipv4, Location: 美国-乔治亚州-富尔顿, ISP: Global_Net_Access公司, Date: None, Delay: 779 ms, Speed: 0.64 M/s, Resolution: 1920x806
Name: 天龙八部, URL: http://www.douzhicloud.site:35455/yy/1351814644, IPv_Type: ipv4, Location: 中国-北京-北京, ISP: 联通, Date: None, Delay: 353 ms, Speed: 0.25 M/s, Resolution: 960x720
Name: 鹿鼎记, URL: http://www.douzhicloud.site:35455/yy/28265277, IPv_Type: ipv4, Location: 中国-北京-北京, ISP: 联通, Date: None, Delay: 353 ms, Speed: 0.25 M/s, Resolution: 960x720
Name: 西游记, URL: https://txmov2.a.kwimgs.com/bs3/video-hls/5239093806671579134_hlsb.m3u8, IPv_Type: ipv4, Location: 美国-加利福尼亚州-圣克拉拉, ISP: 腾讯云, Date: None, Delay: 47 ms, Speed: 55.78 M/s, Resolution: 1280x720
Name: 西游记, URL: http://1.94.31.214:35455/huya/26355861, IPv_Type: ipv4, Location: 中国-上海-上海, ISP: 华为云, Date: None, Delay: 18 ms, Speed: 54.69 M/s, Resolution: 1920x1080
Name: 射雕英雄传, URL: http://www.douzhicloud.site:35455/huya/23824164, IPv_Type: ipv4, Location: 中国-北京-北京, ISP: 联通, Date: None, Delay: 353 ms, Speed: 0.25 M/s, Resolution: 960x720
Name: 射雕英雄传, URL: http://huanqiuzhibo.cn/manifest/huya.php?id=23824164, IPv_Type: ipv4, Location: 美国-加利福尼亚州-洛杉矶, ISP: IT7网络, Date: None, Delay: 1396 ms, Speed: 0.14 M/s, Resolution: 1920x1080
